-- phpMyAdmin SQL Dump
-- version 5.2.1
-- https://www.phpmyadmin.net/
--
-- Máy chủ: 127.0.0.1
-- Thời gian đã tạo: Th5 05, 2025 lúc 08:26 PM
-- Phiên bản máy phục vụ: 10.4.32-MariaDB
-- Phiên bản PHP: 8.0.30

SET SQL_MODE = "NO_AUTO_VALUE_ON_ZERO";
START TRANSACTION;
SET time_zone = "+00:00";


/*!40101 SET @OLD_CHARACTER_SET_CLIENT=@@CHARACTER_SET_CLIENT */;
/*!40101 SET @OLD_CHARACTER_SET_RESULTS=@@CHARACTER_SET_RESULTS */;
/*!40101 SET @OLD_COLLATION_CONNECTION=@@COLLATION_CONNECTION */;
/*!40101 SET NAMES utf8mb4 */;

--
-- Cơ sở dữ liệu: `dienthoai`
--

-- --------------------------------------------------------

--
-- Cấu trúc bảng cho bảng `chitiethoadon`
--

CREATE TABLE `chitiethoadon` (
  `mahd` varchar(20) NOT NULL,
  `tensp` varchar(50) NOT NULL,
  `soluong` int(11) NOT NULL,
  `gia` int(11) NOT NULL,
  `phuongthucthanhtoan` int(11) NOT NULL,
  `id_hdct` int(10) NOT NULL
) ENGINE=InnoDB DEFAULT CHARSET=utf8 COLLATE=utf8_general_ci;

--
-- Đang đổ dữ liệu cho bảng `chitiethoadon`
--

INSERT INTO `chitiethoadon` (`mahd`, `tensp`, `soluong`, `gia`, `phuongthucthanhtoan`, `id_hdct`) VALUES
('19', 'Galaxy Core GT-I8262', 1, 3000000, 3, 2),
('19', 'HTC 8X', 1, 9000000, 3, 3),
('19', 'Samsung Galaxy Star GT-S5282', 1, 6500000, 3, 4),
('24', 'Galaxy Core GT-I8262', 1, 3000000, 3, 17),
('24', 'Galaxy Ace Duos S6802', 1, 5000000, 3, 18),
('25', 'Sony Xperia P', 1, 9000000, 2, 19),
('25', 'LG Optimus Z1', 1, 15000000, 2, 20),
('26', 'Pisen iPhone 4 IP05 – iPhone 44S', 1, 300000, 2, 21),
('26', 'iLuv Overlay - iPhone 5', 1, 200000, 2, 22),
('26', 'Jabra Easygo - Tai nghe bluetooth (Trắng)', 1, 500000, 2, 23),
('27', 'Samsung Galaxy M54 5G 8GB/256GB', 1, 6400000, 3, 24),
('28', 'OPPO Reno12 F 4G 8GB 256GB - Chính hãng', 1, 6367500, 2, 25),
('29', 'Samsung Galaxy M54 5G 8GB/256GB', 1, 6400000, 1, 26),
('29', 'OPPO Reno12 F 4G 8GB 256GB - Chính hãng', 1, 6367500, 1, 27),
('30', 'OPPO Reno12 F 4G 8GB 256GB - Chính hãng', 1, 6367500, 3, 28),
('31', 'Samsung Galaxy S24 FE 8GB/128GB', 1, 20160000, 3, 29),
('32', 'Điện thoại OPPO Reno10 5G (8GB/256GB)', 1, 8091000, 1, 30),
('33', 'OPPO Reno12 F 4G 8GB 256GB - Chính hãng', 1, 6367500, 1, 31),
('34', 'Samsung Galaxy M54 5G 8GB/256GB', 1, 6400000, 3, 32),
('35', 'Samsung Galaxy S24 FE 8GB/128GB', 1, 20160000, 1, 33),
('36', 'Điện thoại Samsung Galaxy A56 5G 12GB/256GB', 1, 8500000, 1, 34);

-- --------------------------------------------------------

--
-- Cấu trúc bảng cho bảng `danhmuc`
--

CREATE TABLE `danhmuc` (
  `madm` int(11) NOT NULL,
  `tendm` varchar(50) NOT NULL,
  `dequi` int(11) NOT NULL
) ENGINE=InnoDB DEFAULT CHARSET=utf8 COLLATE=utf8_general_ci;

--
-- Đang đổ dữ liệu cho bảng `danhmuc`
--

INSERT INTO `danhmuc` (`madm`, `tendm`, `dequi`) VALUES
(1, 'Điện thoại', 0),
(2, 'Phụ kiện', 0),
(3, 'SAM SUNG', 1),
(4, 'OPPO', 1),
(5, 'XIAOMI', 1),
(6, 'VIVO', 1),
(7, 'Pin', 2),
(8, 'Bao da - Ốp lưng', 2),
(9, 'Tai nghe', 2),
(10, 'Loa', 2),
(11, 'REALME', 1),
(12, 'IPHONE', 1),
(13, 'TCL', 1),
(19, 'Sạc', 2);

-- --------------------------------------------------------

--
-- Cấu trúc bảng cho bảng `hoadon`
--

CREATE TABLE `hoadon` (
  `mahd` int(11) NOT NULL,
  `idnd` int(11) NOT NULL,
  `hoten` varchar(50) NOT NULL,
  `diachi` varchar(255) NOT NULL,
  `dienthoai` int(11) NOT NULL,
  `email` varchar(255) NOT NULL,
  `ngaydathang` date NOT NULL,
  `trangthai` int(11) NOT NULL
) ENGINE=InnoDB DEFAULT CHARSET=utf8 COLLATE=utf8_general_ci;

--
-- Đang đổ dữ liệu cho bảng `hoadon`
--

INSERT INTO `hoadon` (`mahd`, `idnd`, `hoten`, `diachi`, `dienthoai`, `email`, `ngaydathang`, `trangthai`) VALUES
(35, 5, 'Âu Trần', 'Cần Thơ', 2147483647, 'autran152@gmail.com', '2025-05-05', 1);

-- --------------------------------------------------------

--
-- Cấu trúc bảng cho bảng `hotro`
--

CREATE TABLE `hotro` (
  `idht` int(11) NOT NULL,
  `chude` varchar(255) NOT NULL,
  `noidung` text NOT NULL,
  `hoten` varchar(50) NOT NULL,
  `dienthoai` int(11) NOT NULL,
  `email` varchar(255) NOT NULL,
  `ngaygui` date NOT NULL
) ENGINE=InnoDB DEFAULT CHARSET=utf8 COLLATE=utf8_general_ci;

--
-- Đang đổ dữ liệu cho bảng `hotro`
--

INSERT INTO `hotro` (`idht`, `chude`, `noidung`, `hoten`, `dienthoai`, `email`, `ngaygui`) VALUES
(3, 'Điện thoại', 'Điện thoại rất đẹp tôi rất thích xứng đáng với giá tiền', 'Hoài LInh', 782021302, 'hoailinh@gmail.com', '2025-05-03');

-- --------------------------------------------------------

--
-- Cấu trúc bảng cho bảng `nguoidung`
--

CREATE TABLE `nguoidung` (
  `idnd` int(11) NOT NULL,
  `tennd` varchar(255) NOT NULL,
  `username` varchar(50) NOT NULL,
  `password` varchar(255) DEFAULT NULL,
  `ngaysinh` date NOT NULL,
  `gioitinh` varchar(10) NOT NULL,
  `email` varchar(255) NOT NULL,
  `dienthoai` int(11) NOT NULL,
  `diachi` varchar(255) NOT NULL,
  `ngaydangky` date NOT NULL,
  `phanquyen` int(11) NOT NULL
) ENGINE=InnoDB DEFAULT CHARSET=utf8 COLLATE=utf8_general_ci;

--
-- Đang đổ dữ liệu cho bảng `nguoidung`
--

INSERT INTO `nguoidung` (`idnd`, `tennd`, `username`, `password`, `ngaysinh`, `gioitinh`, `email`, `dienthoai`, `diachi`, `ngaydangky`, `phanquyen`) VALUES
(3, 'administrator', 'admin', '$2y$10$R7ky0wJSt.43XcILzKjvzerTkI4PdjcHMi1BjTsHNSvEjQfbJZIp2', '2014-05-02', 'nam', 'sieunhandolata@gmail.com', 123456789, 'an thuong', '2014-05-26', 0),
(4, 'Thành Đạt', 'thanhdat', '$2y$10$fvmrlk3tW5Fb6uXyc9IvyelvWsYDYfHrZitWgg0/vc9', '1993-12-02', 'nam', 'thanhdat21293@gmail.com', 123020230, 'an thượng', '2014-06-01', 1),
(5, 'Âu Trần', 'autran', '$2y$10$r9gDWuntpXXg.l/UVre7pOIMVnof6BlPinYGpbc.Q8rKD5fuijuo6', '2014-05-02', 'nam', 'autran152@gmail.com', 2147483647, 'Cần Thơ', '2025-05-03', 0),
(6, 'Tính Em', 'tinhem', '$2y$10$tyk7BwvDAK0mxiHRhk.mbezUWAVbF2UG/5cGIw6TRYCj5yZcSsfla', '2025-05-28', 'nam', 'tinhem@gmail.com', 25330520, 'Cần Thơ', '2025-05-02', 1),
(9, 'Hoài Linh', 'hoailinh', '$2y$10$ld8TcP/rFagQRXCIHLRLUu.jpfPDbNemw0oE54tC9EG9r0SGdByZW', '2004-06-16', 'nu', 'hoailinh@gmail.com', 896301250, 'Cần Thơ', '2025-05-03', 1);

-- --------------------------------------------------------

--
-- Cấu trúc bảng cho bảng `nhasx`
--

CREATE TABLE `nhasx` (
  `idnsx` int(11) NOT NULL,
  `tennsx` varchar(255) NOT NULL,
  `diachi` varchar(255) NOT NULL,
  `dienthoai` int(11) NOT NULL
) ENGINE=InnoDB DEFAULT CHARSET=utf8 COLLATE=utf8_general_ci;

-- --------------------------------------------------------

--
-- Cấu trúc bảng cho bảng `reset_tokens`
--

CREATE TABLE `reset_tokens` (
  `id` int(11) NOT NULL,
  `email` varchar(255) NOT NULL,
  `token` varchar(64) NOT NULL,
  `expires` datetime NOT NULL
) ENGINE=InnoDB DEFAULT CHARSET=utf8mb4 COLLATE=utf8mb4_general_ci;

--
-- Đang đổ dữ liệu cho bảng `reset_tokens`
--

INSERT INTO `reset_tokens` (`id`, `email`, `token`, `expires`) VALUES
(1, 'sieunhandolata@gmail.com', '35b614b4b0578ac7a35cbad4c1f443fca899198be9931df968085cb0dabc5e55', '2025-05-05 06:33:39'),
(2, 'sieunhandolata@gmail.com', 'b674cbde5c198c9af8289f47cb737652d4056fa733eb7f6a334afa2df0b13e26', '2025-05-05 06:38:37'),
(6, 'sieunhandolata@gmail.com', '01921bb82352872b2344101038a52535527748bc773691a568f84bff33fa701f', '2025-05-05 06:55:32'),
(10, 'sieunhandolata@gmail.com', 'ae8659218da9b9ab964b2a4a33ee593e859510e0ba61540ed98a5da630699f7e', '2025-05-05 20:58:49');

-- --------------------------------------------------------

--
-- Cấu trúc bảng cho bảng `sanpham`
--

CREATE TABLE `sanpham` (
  `idsp` int(11) NOT NULL,
  `tensp` varchar(50) NOT NULL,
  `hinhanh` varchar(255) NOT NULL,
  `mau` varchar(20) NOT NULL,
  `chitiet` text NOT NULL,
  `soluong` int(11) NOT NULL,
  `daban` int(11) NOT NULL,
  `gia` int(11) NOT NULL,
  `khuyenmai1` int(11) NOT NULL,
  `khuyenmai2` varchar(255) NOT NULL,
  `madm` int(11) NOT NULL,
  `ngaycapnhat` date NOT NULL,
  `trangthai` int(11) NOT NULL
) ENGINE=InnoDB DEFAULT CHARSET=utf8 COLLATE=utf8_general_ci;

--
-- Đang đổ dữ liệu cho bảng `sanpham`
--

INSERT INTO `sanpham` (`idsp`, `tensp`, `hinhanh`, `mau`, `chitiet`, `soluong`, `daban`, `gia`, `khuyenmai1`, `khuyenmai2`, `madm`, `ngaycapnhat`, `trangthai`) VALUES
(15, 'Samsung Galaxy S24 FE 8GB/128GB', '20250505194535_s24.jpg', '', 'Đặc điểm nổi bật:\r\n\r\nKế thừa những đường nét thiết kế tinh tế từ dòng Galaxy S series cao cấp, S24 FE mang đến vẻ ngoài sang trọng và bắt mắt.\r\n\r\nMàn hình AMOLED chất lượng cao mang đến hình ảnh sắc nét, màu sắc sống động và góc nhìn rộng.\r\n\r\nHệ thống camera đa ống kính giúp bạn chụp ảnh chất lượng cao trong nhiều điều kiện ánh sáng khác nhau.\r\n\r\nTrang bị chip Exynos 2400e đảm bảo khả năng xử lý mượt mà các tác vụ hàng ngày cũng như các ứng dụng nặng.\r\n\r\nRAM 8GB đáp ứng tốt nhu cầu đa nhiệm, cho phép bạn mở nhiều ứng dụng cùng lúc mà không bị giật lag.\r\nThông số cấu hình chi tiết của Samsung Galaxy S24 FE 8GB/128GB\r\nThông số	Chi tiết\r\nKích thước màn hình	6.7 inches\r\nCông nghệ màn hình	Dynamic AMOLED 2X\r\nĐộ phân giải	1080 x 2340 pixels\r\nTần số quét	120Hz\r\nBộ vi xử lý	Exynos 2400e\r\nCamera	Camera sau: 50MP + 8 MP + 12 MPCamera phía trước: 10MP\r\nHệ điều hành	Android 14\r\nRAM	8GB\r\nBộ nhớ	128GB\r\nDung lượng pin	4700mAh\r\nKết nối	USB Type-CBluetooth 5.3Wifi 802.11 a/b/g/n/ac/ax, 5G\r\nTrọng lượng	213g\r\nKích thước	162 x 77.3 x 8 mm\r\nThương hiệu	Samsung', 20, 2, 24000000, 16, '', 3, '2014-05-20', 0),
(17, 'Samsung Galaxy M54 5G 8GB/256GB', '20250505194711_m54.jpg', 'Den', 'Đặc điểm nổi bật:\r\n\r\nMàn hình Super AMOLED Plus 120Hz: Hiển thị sống động chi tiết hình ảnh và mượt mà từng cảm ứng.\r\n\r\nCamera chính 108MP: Chụp ảnh chuyên nghiệp chi tiết cao và sắc nét ánh sáng ngoại cảnh.\r\n\r\nChip Exynos 1380: Đáp ứng hiệu năng mượt mà và xử lý đa dạng công việc khác nhau.\r\n\r\nPin 6000mAh: Thời lượng pin dài hoạt động thiết bị và phù hợp cho cả ngày.\r\n\r\nHỗ trợ 5G và bộ nhớ lớn 256GB: Tăng khả năng kết nối và lưu trữ nhiều dạng dữ liệu khác nhau.\r\nThông số	Chi tiết\r\nMàn hình	Super AMOLED Plus, 6.7 inch, Full HD+ (1080 x 2400 pixels), tần số quét 120Hz\r\nCamera sau	3 camera: 108MP (chính, OIS) + 8MP (góc siêu rộng) + 2MP (macro)\r\nCamera trước	32MP, hỗ trợ làm đẹp, quay video Full HD và 4K\r\nChipset	Exynos 1380, tiến trình 5nm, 8 nhân\r\nGPU	Mali-G68 MP5\r\nRAM	8GB\r\nBộ nhớ trong	256GB, hỗ trợ thẻ nhớ microSD tối đa 1TB\r\nPin	6000mAh, sạc nhanh 25W\r\nHệ điều hành	Android 13, giao diện One UI\r\nKết nối	5G, Wi-Fi 6, Bluetooth 5.3, NFC\r\nCổng kết nối	USB Type-C, hỗ trợ jack tai nghe Type-C\r\nThiết kế	Nguyên khối, khung và mặt lưng nhựa\r\nKích thước	164.9 x 77.3 x 8.4 mm\r\nTrọng lượng	199g\r\nTính năng bảo mật	Mở khóa bằng vân tay cạnh viền, nhận diện khuôn mặt\r\nQuay video	4K@30fps, 1080p@60fps, 1080p@30fps, 720p@240fps (Super Slow Motion)\r\nCác tính năng camera	Chụp đêm (Night Mode), xóa phông, góc siêu rộng, zoom kỹ thuật số, macro, bokeh\r\nÂm thanh	Dolby Atmos, loa ngoài chất lượng cao\r\nTính năng đặc biệt	Always-On Display, chia đôi màn hình, thư mục bảo mật, Samsung Kids\r\nSố khe SIM	2 Nano SIM (SIM 2 chung khe thẻ nhớ)', 20, 3, 8000000, 20, '', 3, '2014-05-20', 0),
(18, 'Samsung Galaxy Z Flip6 12GB/512GB', '20250505194831_zlip.jpg', 'Tim', 'Đặc điểm nổi bật\r\n\r\nNâng cao trải nghiệm hình ảnh với độ phân giải lên tới 2640x1080 pixel (FHD+) ở màn hình chính và 720x748 pixel ở màn hình phụ.\r\n\r\nCamera với độ phân giải lên đến 50MP nhằm nâng cấp trải nghiệm chụp ảnh chuyên nghiệp trên điện thoại.\r\n\r\nCông nghệ chipset Snapdragon 8 Gen 3 cực mạnh đảm bảo hiệu suất hoạt động của máy.\r\n\r\nDung lượng pin 4000mAh cải thiện đáng kể thời gian sử dụng so với các phiên bản trước.\r\nThông số	Chi tiết\r\nKích thước	\r\nKhi mở: 165.1 x 71.9 x 6.9 mm\r\nKhi gập: 85.1 x 71.9 x 14.9 mm\r\nTrọng lượng	187g\r\nMàn hình chính	\r\nDynamic AMOLED 2X\r\nKích thước: 6.7 inch\r\nĐộ phân giải: 2640x1080 (FHD+)\r\nTốc độ làm mới: 120Hz\r\nĐộ sáng tối đa: 2600 nit\r\nMặt kính Gorilla Glass Victus 2\r\nMàn hình phụ	\r\nSuper AMOLED\r\nKích thước: 3.4 inch\r\nĐộ phân giải: 720x748\r\nChip xử lý	Snapdragon 8 Gen 3 dành cho Galaxy\r\nCamera	\r\nSau: 50MP + 12MP\r\nTrước: 10MP\r\nDung lượng pin	4000mAh\r\nCông nghệ pin	\r\nSạc không dây\r\nSạc pin nhanh (hỗ trợ sạc tối đa 25W)\r\nTiết kiệm pin', 20, 0, 35500000, 5, '', 3, '2014-05-20', 0),
(19, 'Điện thoại Samsung Galaxy S25 Plus - 12GB/512GB', '20250505194940_s25.jpg', '', 'Đặc điểm nổi bật:\r\n\r\nMàn hình Dynamic AMOLED 2X 120Hz – Độ sáng 2600 nits, hiển thị sắc nét, mượt mà.\r\n\r\nChip Snapdragon 8 Elite (3nm) mạnh mẽ – Hiệu năng vượt trội, tối ưu hóa cho Galaxy.\r\n\r\nHệ thống camera tiên tiến – Camera chính 50MP, chụp Super HDR, quay video 10-bit HDR.\r\n\r\nPin 4900mAh, sạc nhanh 45W – Hỗ trợ sạc không dây, chia sẻ năng lượng.\r\n\r\nCông nghệ AI thông minh – Trợ lý giọng nói, tìm kiếm bằng cử chỉ, chỉnh sửa ảnh tự động.\r\n\r\nThông số kỹ thuật chi tiết của điện thoại Samsung Galaxy S25 Plus\r\nDanh mục	Thông số chi tiết\r\nMàn hình	Dynamic AMOLED 2X, 6.7 inch, độ phân giải 3120x1440 (QHD+)\r\nTần số quét	1 - 120Hz (tần số quét thích ứng)\r\nĐộ sáng tối đa	2600 nits, hỗ trợ HDR10+ và Super HDR\r\nVi xử lý	Snapdragon 8 Elite (3nm) for Galaxy\r\nRAM	12GB\r\nBộ nhớ trong	512GB (không hỗ trợ thẻ nhớ ngoài)\r\nHệ điều hành	Android 15, giao diện One UI 7\r\nCamera sau	- 50MP (chính, khẩu độ f/1.8, OIS, Super HDR)- 12MP (siêu rộng, khẩu độ f/2.2)- 10MP (tele, khẩu độ f/2.4, OIS)\r\nCamera trước	12MP\r\nPin	4900mAh, sạc nhanh 45W (có dây), sạc không dây 2.0\r\nSạc không dây	Fast Wireless Charging 2.0 (15W), Wireless PowerShare\r\nCổng sạc	USB Type-C 3.2 Gen 2, hỗ trợ DisplayPort\r\nSIM	2 nano SIM + eSIM\r\nKết nối	5G, Wi-Fi, Bluetooth 5.4, NFC\r\nChống nước, bụi	IP68 \r\nBảo mật	Cảm biến vân tay dưới màn hình, nhận diện khuôn mặt AI\r\nTrọng lượng	190g\r\nChất liệu	Armor Aluminum, kính cường lực Gorilla Glass Victus 3', 20000, 0, 22000000, 12, '', 3, '2014-05-20', 0),
(20, 'Samsung Galaxy S25 Ultra - 12GB/1TB', '20250505195110_s25u.jpg', 'Bac', 'Đặc điểm nổi bật:\r\n\r\nMàn hình Dynamic AMOLED 2X: Kích thước 6.9 inch, độ phân giải 3120x1440, tần số quét 120Hz, độ sáng tối đa 2600 nits.\r\n\r\nHệ thống camera đột phá: Cảm biến chính 200MP, camera siêu rộng 50MP, tele 5x zoom 50MP, tele 3x zoom 10MP.\r\n\r\nVi xử lý mạnh mẽ: Snapdragon 8 Elite (3nm) dành riêng cho Galaxy, RAM 12GB, bộ nhớ trong 1TB.\r\n\r\nPin trâu, sạc nhanh: Dung lượng 5000mAh, sạc nhanh 45W, hỗ trợ sạc không dây & sạc ngược.\r\n\r\nTính năng AI thông minh: Circle to Search, Audio Eraser, Auto Trim Video, Call Assist, Photo Assist, vân tay dưới màn hình, kháng nước IP68.\r\n\r\nBảng thông số kỹ thuật chi tiết của điện thoại Samsung Galaxy S25 Ultra\r\nThông Số	Chi Tiết\r\nMàn hình	Dynamic AMOLED 2X, kích thước 6.9 inch, độ phân giải 3120x1440, tần số quét 120Hz, độ sáng tối đa 2600 nits\r\nVi xử lý (Chipset)	Qualcomm Snapdragon 8 Elite (3nm) dành riêng cho Galaxy\r\nRAM	12GB \r\nBộ nhớ trong	1TB\r\nCamera sau	Hệ thống 4 camera:- 200MP (cảm biến chính, OIS, f/1.7)- 50MP - 50MP - 10MP \r\nCamera trước	12MP, khẩu độ f/2.2, tự động lấy nét \r\nDung lượng pin	5000mAh, hỗ trợ sạc nhanh 45W (Super Fast Charging 2.0), sạc không dây nhanh 2.0, sạc ngược không dây (Wireless PowerShare)\r\nKết nối	5G, Wi-Fi 7, Bluetooth 5.4, NFC, GPS, Ultra Wideband (UWB)\r\nCổng kết nối	USB Type-C 3.2, hỗ trợ xuất hình ảnh và âm thanh\r\nSIM	2 nano SIM + eSIM\r\nBảo mật	Cảm biến vân tay siêu âm dưới màn hình, nhận diện khuôn mặt 3D, Samsung Knox\r\nKhả năng chống nước	Chuẩn IP68 (chống nước ở độ sâu 1.5m trong 30 phút)\r\nTính năng âm thanh	Loa kép stereo tinh chỉnh bởi AKG, hỗ trợ Dolby Atmos, không có jack 3.5mm\r\nThiết kế	Khung viền Titanium, kính cường lực Gorilla Glass Victus 3 trước và sau\r\nTrọng lượng	218g\r\nKích thước	162.8 x 77.6 x 8.2 mm\r\nHệ điều hành	Android 15 với giao diện One UI 7\r\nTính năng AI	Circle to Search, Audio Eraser, Auto Trim Video, Call Assist, Photo Assist, AI Camera Enhancements\r\nNgày ra mắt	Tháng 02/2025', 20, 0, 35000000, 22, '', 3, '2014-05-20', 0),
(21, 'Điện thoại Samsung Galaxy S25 - 12GB/512GB', '20250505195215_s25512.jpg', '', 'Đặc điểm nổi bật:\r\n\r\nMàn hình Dynamic AMOLED 2X: Kích thước 6.2 inch, độ phân giải 2340x1080, tần số quét 1-120Hz, độ sáng tối đa 2600 nits.\r\n\r\nHệ thống camera linh hoạt: Camera chính 50MP, camera siêu rộng 12MP, camera tele 10MP với zoom quang học 3x.\r\n\r\nVi xử lý mạnh mẽ: Snapdragon 8 Elite (3nm) dành riêng cho Galaxy, RAM 12GB, bộ nhớ trong 512GB.\r\n\r\nThời lượng pin bền bỉ: Dung lượng 4000mAh, sạc nhanh 25W, hỗ trợ sạc không dây & sạc ngược.\r\n\r\nTính năng thông minh AI: Circle to Search, Audio Eraser, Auto Trim Video, Call Assist, Photo Assist, vân tay dưới màn hình, chuẩn kháng nước IP68.\r\n\r\nBảng thông số kỹ thuật chi tiết của Samsung Galaxy S25\r\nThông Số	Chi Tiết\r\nMàn hình	Dynamic AMOLED 2X, kích thước 6.2 inch, độ phân giải 2340x1080, tần số quét 120Hz, độ sáng tối đa 2600 nits, hỗ trợ HDR10+\r\nVi xử lý (Chipset)	Qualcomm Snapdragon 8 Elite (3nm) dành riêng cho Galaxy\r\nRAM	12GB\r\nBộ nhớ trong	512GB\r\nCamera sau	Hệ thống 3 camera:- 50MP - 12MP- 10MP \r\nQuay video	Quay phim 10-bit HDR, quay video 8K@30fps, hỗ trợ Super HDR.\r\nCamera trước	12MP, khẩu độ f/2.2, tự động lấy nét.\r\nDung lượng pin	4000mAh, hỗ trợ sạc nhanh 25W (Super Fast Charging), sạc không dây nhanh 2.0, sạc ngược không dây (Wireless PowerShare)\r\nKết nối	5G, Wi-Fi, Bluetooth 5.4, NFC, GPS\r\nCổng kết nối	USB Type-C 3.2, hỗ trợ xuất hình ảnh và âm thanh\r\nSIM	2 nano SIM + eSIM\r\nBảo mật	Cảm biến vân tay siêu âm dưới màn hình, nhận diện khuôn mặt 3D, Samsung Knox\r\nKhả năng chống nước	Chuẩn IP68\r\nTính năng âm thanh	Loa kép stereo tinh chỉnh bởi AKG, hỗ trợ Dolby Atmos, không có jack 3.5mm\r\nThiết kế	Khung viền Armor Aluminum, kính cường lực Gorilla Glass Victus 3 trước và sau\r\nTrọng lượng	162g\r\nKích thước	146.9 x 70.5 x 7.2 mm\r\nHệ điều hành	Android 15 với giao diện One UI 7\r\nTính năng AI	Circle to Search, Audio Eraser, Auto Trim Video, Call Assist, Photo Assist, AI Camera Enhancements\r\nNgày ra mắt	Tháng 02/2025', 20, 0, 10000000, 8, '', 3, '2014-05-20', 0),
(22, 'Điện thoại Samsung Galaxy S25 Plus - 12GB/256GB', '20250505195456_s255g.jpg', 'xanh', 'Đặc điểm nổi bật:\r\n\r\nMàn hình Dynamic AMOLED 2X 120Hz – Độ sáng 2600 nits, hiển thị sắc nét, mượt mà.\r\n\r\nChip Snapdragon 8 Elite (3nm) mạnh mẽ – Hiệu năng vượt trội, tối ưu hóa cho Galaxy.\r\n\r\nHệ thống camera tiên tiến – Camera chính 50MP, chụp Super HDR, quay video 10-bit HDR.\r\n\r\nPin 4900mAh, sạc nhanh 45W – Hỗ trợ sạc không dây, chia sẻ năng lượng.\r\n\r\nCông nghệ AI thông minh – Trợ lý giọng nói, tìm kiếm bằng cử chỉ, chỉnh sửa ảnh tự động.\r\n\r\nThông số kỹ thuật chi tiết của điện thoại Samsung Galaxy S25 Plus\r\nDanh mục	Thông số chi tiết\r\nMàn hình	Dynamic AMOLED 2X, 6.7 inch, độ phân giải 3120x1440 (QHD+)\r\nTần số quét	1 - 120Hz (tần số quét thích ứng)\r\nĐộ sáng tối đa	2600 nits, hỗ trợ HDR10+ và Super HDR\r\nVi xử lý	Snapdragon 8 Elite (3nm) for Galaxy\r\nRAM	12GB\r\nBộ nhớ trong	256GB (không hỗ trợ thẻ nhớ ngoài)\r\nHệ điều hành	Android 15, giao diện One UI 7\r\nCamera sau	- 50MP (chính, khẩu độ f/1.8, OIS, Super HDR)- 12MP (siêu rộng, khẩu độ f/2.2)- 10MP (tele, khẩu độ f/2.4, OIS)\r\nCamera trước	12MP\r\nPin	4900mAh, sạc nhanh 45W (có dây), sạc không dây 2.0\r\nSạc không dây	Fast Wireless Charging 2.0 (15W), Wireless PowerShare\r\nCổng sạc	USB Type-C 3.2 Gen 2, hỗ trợ DisplayPort\r\nSIM	2 nano SIM + eSIM\r\nKết nối	5G, Wi-Fi, Bluetooth 5.4, NFC\r\nChống nước, bụi	IP68 \r\nBảo mật	Cảm biến vân tay dưới màn hình, nhận diện khuôn mặt AI\r\nTrọng lượng	190g\r\nChất liệu	Armor Aluminum, kính cường lực Gorilla Glass Victus 3', 20, 0, 8000000, 5, '', 3, '2014-05-20', 0),
(23, 'Điện thoại Samsung Galaxy A26 5G 6GB/128GB', '20250505112930_samsung2.jpg', 'Den', 'Samsung Galaxy A26 5G là mẫu smartphone mới nhất của dòng Galaxy A, được thiết kế để đáp ứng nhu cầu của người dùng yêu thích công nghệ với hiệu suất mạnh mẽ từ chip Exynos 1380, camera chất lượng cao 50MP và khả năng kết nối 5G. Với thiết kế hiện đại, màn hình Super AMOLED sắc nét và hiệu năng vượt trội, đây là lựa chọn lý tưởng cho những ai muốn sở hữu một thiết bị cao cấp trong phân khúc tầm trung.\r\n\r\nĐặc điểm nổi bật\r\n\r\nMàn hình 6.6 inch sử dụng tấm nền Super AMOLED cao cấp, độ phân giải FHD+ sắc nét, tần số quét 120Hz giúp hiển thị mượt mà hơn.\r\n\r\nVi xử lý Exynos 1280 với tốc độ tối đa lên đến 2.6GHz, mang lại hiệu suất ổn định và khả năng xử lý tác vụ nhanh chóng.\r\n\r\nCamera chính độ phân giải 50MP hỗ trợ chống rung OIS, kết hợp cùng camera trước 13MP cho ảnh selfie sắc nét.\r\n\r\nPin 5000mAh, thời gian sử dụng dài, hỗ trợ sạc tối đa 25W giúp nạp năng lượng nhanh chóng.\r\n\r\nBộ nhớ RAM 6GB/8GB, bộ nhớ trong 128GB/256GB, hỗ trợ thẻ nhớ ngoài lên đến 1TB giúp mở rộng không gian lưu trữ dễ dàng.\r\n\r\nKích thước	164 x 77.5 x 7.7 mm\r\nTrọng lượng	~200g\r\nMàn hình\r\nKích thước màn hình	6.7 inch\r\nCông nghệ màn hình	Super AMOLED\r\nĐộ sáng tối đa	800 nits\r\nĐộ phân giải	2340x1080 (FHD+)\r\nTốc độ làm mới tối đa	120Hz\r\nHệ điều hành & Vi xử lý & Đồ họa\r\nHệ điều hành	Android 15, One UI 7\r\nChipset	Exynos 1380, tối đa 2.6GHz\r\nRAM & Lưu trữ\r\nRAM	8GB\r\nBộ nhớ trong	128GB / 256GB\r\nKhe cắm thẻ nhớ	Hỗ trợ thẻ nhớ tối đa 1TB (dùng chung với khay SIM)\r\nCamera sau\r\nĐộ phân giải	\r\nCamera chính 50MP\r\nCamera góc siêu rộng 8MP\r\nCamera cận cảnh 5MP\r\nCamera trước\r\nĐộ phân giải	13MP\r\nKết nối & Cổng giao tiếp\r\nSố khe SIM	2 Nano SIM (SIM 2 chung khe thẻ nhớ) \r\nKết nối không dây	\r\nHỗ trợ 5G\r\nBluetooth v5.3\r\nWi-Fi 802.11 a/b/g/n/ac\r\nCổng kết nối	Cổng sạc USB Type-C\r\nPin & Sạc\r\nDung lượng pin	5000mAh (hỗ trợ sạc tối đa 25W)', 20, 0, 5000000, 20, '', 3, '2014-05-20', 0),
(31, 'OPPO A3 8GB/256GB', '20250505153257_oppo12.png', '', 'Đặc điểm nổi bật:\r\n\r\nMàn hình LCD với kích thước 6.67 inch tái hiện mọi nội dung với màu sắc rực rỡ và độ chi tiết cao.\r\n\r\nBộ vi xử lý Snapdragon 6s 4G Gen1 cung cấp hiệu suất mạnh mẽ, có khả năng xử lý mượt mà những tác vụ cơ bản hàng ngày.\r\n\r\nChụp ảnh chất lượng cao với camera sau 50MP, cho hình ảnh chi tiết và sắc nét.\r\n\r\nViên pin 5100mAh sẵn sàng đáp ứng nhu cầu sử dụng suốt ngày dài, hỗ trợ sạc nhanh 45W rút ngắn thời gian chờ đợi.\r\n\r\nHệ điều hành Android 14 mang đến giao diện người dùng thân thiện và trực quan.\r\nThông số	Chi tiết\r\nThương hiệu	OPPO\r\nThời điểm ra mắt	8/2024\r\nKích thước màn hình	6,67 inch\r\nCông nghệ màn hình	IPS LCD\r\nĐộ phân giải	HD+ (720 x 1604 Pixels)\r\nTần số quét 	90Hz\r\nĐộ sáng tối đa	1000 nits\r\nMặt kính cảm ứng	Kính cường lực Panda\r\nBộ xử lý 	Snapdragon 6s Gen 1 8 nhân\r\nTốc độ CPU	4 nhân 2.1 GHz & 4 nhân 2.0 GHz\r\nChip đồ họa (GPU)	Adreno 610\r\nRAM	8GB\r\nBộ nhớ trong	256GB\r\nThẻ nhớ	MicroSD, hỗ trợ tối đa 1 TB\r\nCamera sau	50MP\r\nCamera trước	5MP\r\nTính năng	\r\nXóa phông\r\nTự động lấy nét (AF)\r\nTrôi nhanh thời gian (Time Lapse)\r\nToàn cảnh (Panorama)\r\nLàm đẹp\r\nChuyên nghiệp (Pro)\r\nBan đêm (Night Mode)\r\nNhãn dán (AR Stickers)\r\nĐèn Flash	Có\r\nQuay phim 	\r\nHD 720p@30fps \r\nFullHD 1080p@30fps\r\nMạng di động	Hỗ trợ 4G\r\nSIM	2 Nano SIM\r\nWi - Fi	\r\nWi-Fi hotspot\r\nWi-Fi Direct\r\nWi-Fi 802.11 a/b/g/n/ac\r\nDual-band (2.4 GHz/5 GHz)\r\nGPS	\r\nQZSS\r\nGPS\r\nGLONASS\r\nGALILEO\r\nBEIDOU\r\nBluetooth	v5.0\r\nCổng kết nối	\r\nSạc Type-C\r\nJack 3.5 mm\r\nOTG\r\nHệ điều hành	Android 14\r\nDung lượng pin 	Li-Po 5100 mAh\r\nSạc nhanh 	45W\r\nBảo mật nâng cao	\r\nMở khoá vân tay cạnh viền\r\nMở khoá khuôn mặt\r\nTính năng đặc biệt	\r\nỨng dụng kép (Nhân bản ứng dụng)\r\nCử chỉ thông minh\r\nKháng nước, bụi	IP54\r\nThiết kế	Nguyên khối\r\nChất liệu	\r\nKhung nhựa\r\nMặt lưng thuỷ tinh hữu cơ\r\nKích thước	Dài 165.7 mm - Ngang 76 mm - Dày 7.68 mm\r\nKhối lượng	186 gram\r\nMàu sắc	Đen, Trắng', 20, 0, 8500000, 30, '', 4, '2014-05-20', 0),
(32, 'Điện thoại OPPO Reno12 F 5G (8GB/256GB)', '20250505153106_oppo10.png', '', 'Đặc điểm nổi bật:\r\n\r\nThiết kế sang trọng, nổi bật với màu xanh lá cọ, màu cam hổ phách cho mọi người lựa chọn. \r\n\r\nCụm camera sau đặt trong module hình tròn, đèn Halolight tích hợp tạo nên thiết kế đẳng cấp. \r\n\r\nHiệu năng mạnh mẽ nhờ MediaTek Dimensity 6300, RAM 8GB và dung lượng lưu trữ mở rộng lên tới 256GB. \r\n\r\nTính năng chụp ảnh hỗ trợ công nghệ AI giúp người dùng thỏa sức đam mê quay, chụp. \r\n\r\nDung lượng pin 5000mAh cùng khả năng sạc nhanh ấn tượng cho phép người dùng sử dụng cả ngày dài mà không lo hết pin. \r\nThông số kỹ thuật Oppo Reno12 F 5G\r\nTiêu chí 	Thông số chi tiết \r\nThiết kế 	Camera sau đặt trong module hình tròn. Đèn Halo Light tích hợp trong module máy ảnh. \r\nKích thước 	163.1 x 75.8 x 7.76 mm\r\nTrọng lượng 	187g \r\nKích thước màn hình 	6.67 inch\r\nĐộ phân giải 	1080 x 2400 (FHD+)\r\nTần số quét 	120Hz \r\nHệ điều hành 	ColorOS 14, nền tảng Android 14\r\nTốc độ CPU 	Mali-G57 MC2\r\nVi xử lý 	Dimensity 6300\r\nRAM 	8GB\r\nBộ nhớ trong 	256GB\r\nCamera trước 	32MP \r\nCamera sau 	50MP (Chính) + 8MP (Góc rộng) + 2MP (Marco)\r\nDung lượng pin 	5000mAh (Typ)\r\nSạc nhanh 	Super VOOC 45W\r\nKết nối 	Type-C, Bluetooth 5.3, Wifi,... \r\nKháng nước, kháng bụi 	IP64', 20, 0, 9405000, 25, '', 4, '2014-05-20', 0),
(33, 'Điện thoại OPPO Reno12 5G (12GB/256GB)', '20250505153721_oppo-reno12-5g-12gb-256gb-thumb-600x600.jpg', '', 'Đặc điểm nổi bật:\r\n\r\nPhong cách thiết kế riêng biệt và chất liệu ấn tượng với độ bền cao.\r\nThông số	Chi tiết\r\nMàn hình\r\nKích thước	6.7 inch\r\nTỷ lệ màn hình	93,2%\r\nĐộ phân giải	FHD + (2412 x 1080)\r\nTốc độ làm mới	Tối đa 120 Hz (60/90/120Hz)\r\nTỷ lệ lấy mẫu cảm ứng	\r\nTối đa: 240 Hz\r\nMặc định: 120Hz\r\nGam màu	100% DCI-P3/97% NTSC\r\nĐộ đạm của màu	1,07 tỷ màu\r\nMật độ điểm ảnh	394 PPI\r\nĐộ sáng	\r\nĐộ sáng tối đa có thể cấu hình: 600 nits\r\nĐộ sáng tối đa dưới ánh nắng mặt trời 1200 nits\r\nTấm nền	AMOLED 3D linh hoạt với hai cạnh cong có chiều cao bằng nhau\r\nKính bảo vệ	Kính Corning Gorilla 7i\r\nKích thước và trọng lượng\r\nKích thước	161,4 x 74,1 x 7,57 mm\r\nTrọng lượng	177g\r\nCamera\r\nCamera sau	\r\nChính: 50MP; f/1.8; FOV 79°; Ống kính 5P; AF; Hỗ trợ OIS\r\nGóc siêu rộng: 8MP; f/2.2; FOV 112°; Ống kính 5P\r\nMacro: 2MP; f/2.4; FOV 89°; Ống kính 3P\r\nCamera trước	32MP, f/2.0, FOV 90°; ống kính 5P; hỗ trợ AF\r\nChế độ chụp	\r\nCamera sau: Chuyên nghiệp, Video, Ảnh, Chân dung, Ban đêm, HD siêu nét, Toàn cảnh, Chuyển động chậm, Tua nhanh thời gian, Video xem kép, Nhãn dán, Máy quét tài liệu và Ống kính Google\r\nCamera trước: Video, Ảnh, Chân dung, Ban đêm, Toàn cảnh, Tua nhanh thời gian, Video xem kép, Nhãn dán…\r\nVideo\r\nCamera sau	\r\n4K@30fps, 1080P@60fps/30fps và 720P@30fps\r\nChống rung video: EIS/OIS, 4K@30fps, 1080P@60fps/30fps và 720P@30fps\r\nZoom video: 4K@30fps, 1080P@60fps/30fps và 720P@30fps\r\nChuyển động chậm video: 1080P@480fps/120fps và 720P@960fps/240fps\r\nCamera trước	\r\n4K/1080P/720P@30fps, 1080P@30fps (làm đẹp được bật theo mặc định);\r\nỔn định video ở 1080P/720P@30fps;\r\nThu phóng video;\r\nTua nhanh thời gian;\r\nKhông hỗ trợ chuyển động chậm\r\nVi xử lý - Hệ điều hành\r\nHệ thống SoC	MediaTek Dimensity 7300-Energy\r\nCPU	8 cores\r\nGPU	Arm Mali-G615\r\nHệ điều hành	ColorOS 14.1\r\nDung lượng bộ nhớ\r\nRAM và ROM	12 GB + 256 GB\r\nLoại RAM	LPDDR4X@2133 MHz, 2 x 16 bit\r\nThông số kỹ thuật ROM	UFS 3.1\r\nThẻ lưu trữ điện thoại	Độ phân giải 3.0\r\nUSB OTG	Được hỗ trợ\r\nPIN	\r\n4880mAh/19.09Wh (Định mức)\r\n5000mAh/19.5Wh (Điển hình)\r\nSạc nhanh	\r\nSUPERVOOC TM 2.0\r\nSUPERVOOC VOOC 3.0\r\nPD2.0 (9V, 1.5A)\r\nSinh trắc học	\r\nVân tay\r\nNhận dạng khuôn mặt\r\nCảm biến	\r\nCảm biến địa từ\r\nCảm biến tiệm cận trong màn hình\r\nCảm biến quang học trong màn hình\r\nCảm biến gia tốc\r\nCảm biến trọng lực\r\nCon quay hồi chuyển\r\nĐếm bước\r\nĐiều khiển từ xa hồng ngoại\r\nKết nối	\r\nWi-Fi 6 (802.11ax), Wi-Fi 5 (802.11ac), 802.11a/b/g/n;\r\nWLAN 2.4G/WLAN 5G;\r\nMàn hình WLAN;\r\nKết nối WLAN;\r\n2 × 2 MIMO\r\nBluetooth 5.4\r\nUSB Type C\r\nNFC\r\n\r\nTrang bị màn hình AMOLED 6,7 inch 120Hz hỗ trợ độ phân giải màn hình 1080 x 2412 pixel.\r\n\r\nTrang bị MediaTek Dimensity 7300-Energy SoC chạy trên nền ColorOS 14.1 của Android 14 mang lại hiệu năng mạnh mẽ.\r\n\r\nCamera selfie 32MP góc rộng và cụm ba camera ở mặt sau hỗ trợ ống kính chính 50 MP, ống kính góc siêu rộng 8 MP và cảm biến 2 MP.\r\n\r\nPIN 5.000mAh hỗ trợ sạc nhanh SuperVOOC 80W thỏa sức sử dụng cả ngày dài.\r\n\r\nTrang bị nhiều tính năng AI hỗ trợ chụp ảnh và nâng cấp âm thanh khi quay hình.', 20, 0, 125000000, 20, '', 4, '2014-05-20', 0),
(34, 'Điện thoại OPPO A58 (6GB/128GB)', '20250505143654_oppo7.png', '', 'OPPO A58 - Siêu phẩm trong phân khúc smartphone bình dân\r\nOPPO A58 là dòng smartphone được OPPO dành cho phân khúc giá rẻ. Tuy nhiên chiếc smartphone này vẫn đảm bảo được mọi yếu tố từ ngoại hình, cấu hình, pin, tính năng… Hãy cùng khám phá liệu phiên bản 4G lần này có gì đặc biệt so với người đàn anh OPPO A58 5G được ra mắt trước đó nhé. \r\nKích thước màn hình\r\n6.72\"\r\nCông nghệ màn hình\r\nLCD\r\nĐộ phân giải\r\n2400 x 1080\r\nTần số quét (Hz)\r\n60Hz\r\nĐộ sáng màn hình\r\n680nits\r\nCamera sau\r\nTính năng\r\nXóa phông\r\nTự động lấy nét (AF)\r\nTrôi nhanh thời gian (Time Lapse)\r\nToàn cảnh (Panorama)\r\nNhãn dán (AR Stickers)\r\nLàm đẹp\r\nHiệu ứng Bokeh\r\nHDR\r\nGoogle Lens\r\nChuyên nghiệp (Pro)\r\nBộ lọc màu\r\nBan đêm (Night Mode)\r\nĐèn Flash\r\nCó\r\nĐộ phân giải camera\r\n50 MP (f/1.8) x 2 MP (f/2.4)\r\nQuay phim\r\nFullHD 1080p@30fps\r\nHD 720p@30fps\r\nCamera trước\r\nĐộ phân giải camera\r\n8 MP\r\nTính năng\r\nXóa phông\r\nTrôi nhanh thời gian (Time Lapse)\r\nToàn cảnh (Panorama)\r\nQuay video HD\r\nQuay video Full HD\r\nNhãn dán (AR Stickers)\r\nLàm đẹp A.I\r\nHDR\r\nFlash màn hình\r\nBộ lọc màu\r\nQuay phim\r\nQuay video HD\r\nQuay video Full HD\r\nHệ điều hành & CPU\r\nHệ điều hành\r\nAndroid 13\r\nVi xử lý\r\nHelio G85\r\nVi xử lý đồ họa (GPU)\r\nARM Mali G52 MP2\r\nTốc độ CPU\r\nOcta-core (2x2.0 GHz Cortex-A75 & 6x1.8 GHz Cortex-A55)\r\nBộ nhớ & Lưu trữ\r\nRAM\r\n6GB\r\nBộ nhớ trong\r\n128GB\r\nThẻ nhớ ngoài\r\nHỗ trợ thẻ nhớ tối đa 1TB\r\nBộ nhớ còn lại (khả dụng)\r\n106 GB\r\nKết nối\r\nWi-Fi\r\n2.4G/5G, 802.11 a/b/g/n/ac\r\nSố khe SIM\r\nDual nano-SIM + 1 thẻ nhớ\r\nĐịnh vị\r\nCó\r\nBluetooth\r\nV5.3\r\nKết nối khác\r\nOTG\r\nJack tai nghe\r\n3.5mm\r\nCổng kết nối/sạc\r\nType-C\r\nMạng di động\r\n4G\r\nCảm biến\r\nCảm biến vân tay cạnh bên\r\nKết Nối NFC\r\nKhông\r\nThiết kế - trọng lượng\r\nThiết kế\r\nNguyên khối\r\nChất liệu\r\nKhung hợp kim & Mặt lưng thuỷ tinh hữu cơ\r\nKích thước\r\n165.65mm x 75.98mm x 7.99mm\r\nTrọng lượng\r\n192g\r\nPin & Sạc\r\nDung lượng pin sản phẩm\r\n5000mAh\r\nCông nghệ pin\r\nSiêu sạc nhanh SUPERVOOC\r\nHỗ trợ sạc tối đa\r\n33W\r\nLoại pin\r\nLi-Po\r\nTiện ích\r\nTính năng đặc biệt\r\nCảm biến vân tay (cạnh viền)\r\nCảm biến tiệm cận\r\nCảm biến ánh sáng\r\nCảm biến gia tốc kế\r\nLa bàn số\r\nIP54\r\nLoa kép\r\nKháng nước, kháng bụi\r\nIP54\r\nBảo mật sinh trắc học\r\nMở khoá vân tay cạnh viền, Mở khoá khuôn mặt', 20, 0, 4000000, 15, '', 4, '2014-05-20', 0),
(35, 'Điện thoại OPPO Reno10 5G (8GB/256GB)', '20250505153832_oppo-reno10-grey-thumbnew-600x600.jpeg', '', 'OPPO Reno10 - Chuyên gia Tele, thiết kế tuyệt đẹp\r\nVới các tính năng và công nghệ tiên tiến nhất tới từ OPPO, điện thoại thông minh OPPO Reno 10 mang đến cho người dùng những trải nghiệm tuyệt vời với đầy sự tiện ích và đẳng cấp, đánh dấu một bước đột phá mới của hãng. Hãy cùng tham khảo thêm thông tin về Reno10 tại bài viết dưới đây.\r\nCông nghệ màn hình\r\nAMOLED\r\nĐộ phân giải\r\n2412 x 1080\r\nKích thước màn hình\r\n6.7\"\r\nTần số quét (Hz)\r\n120Hz\r\nĐộ sáng màn hình\r\n950nits\r\nCamera sau\r\nTính năng\r\nChụp ảnh, quay video, chụp đêm, chân dung, chụp chuyên gia, super text, panorama, Google Lens, chụp chế độ dễ thương, video kép, chất lượng hình ảnh siêu sắc nét, chế độ dày pixel, time-lapse, slow motion\r\nQuay phim\r\n4K@30fps, 1080P@60fps/30fps, và 720P@60fps/30fps.\r\nVideo OIS hỗ trợ EIS.\r\nChụp ảnh siêu ổn định chỉ hỗ trợ EIS 1080P@60fps.\r\nVideo zoom hỗ trợ 1080P@30fps và 720P@30fps.\r\nSlow-motion video hỗ trợ 1080P@120fps/480fps, và 720P@240fps/960fps.\r\nTime-lapse hỗ trợ 1080P@30fps.\r\nVideo kép hỗ trợ 1080P@30fps.\r\nĐèn Flash\r\nCó\r\nĐộ phân giải camera\r\n64MP (f/1.7) + 32MP (f/2.0) + 8MP (f/2.2)\r\nCamera trước\r\nĐộ phân giải camera\r\n32MP; f/2.4; FOV 89°; ống kính 5P lens, không hỗ trợ AF hay OIS\r\nTính năng\r\nChụp ảnh, quay video, panorama, chân dung, chụp đêm, chỉnh sửa chân dung, flash toàn màn hình, chụp chế độ dễ thương, time-lapse, video kép và tính năng khác.\r\nHệ điều hành & CPU\r\nHệ điều hành\r\nAndroid 13\r\nVi xử lý\r\nMediaTek Dimensity 7050\r\nVi xử lý đồ họa (GPU)\r\nARM Mail-G68 MC4\r\nTốc độ CPU\r\nOcta-core (2x2.6 GHz Cortex-A78 & 6x2.0 GHz Cortex-A55)\r\nBộ nhớ & Lưu trữ\r\nBộ nhớ trong\r\n256GB\r\nRAM\r\n8GB\r\nThẻ nhớ ngoài\r\nCó hỗ trợ\r\nKết nối\r\nMạng di động\r\n5G\r\nSố khe SIM\r\n2 nano SIM\r\nBluetooth\r\nV5.3\r\nCổng kết nối/sạc\r\nType-C\r\nJack tai nghe\r\nType-C\r\nKết nối khác\r\nOTG\r\nĐang cập nhật\r\nHồng ngoại\r\nWi-Fi\r\nWi-Fi 6 (802.11ax), Wi-Fi 5 (802.11ac), và 802.11a/b/g/n/\r\nCảm biến\r\nCảm biến vân tay trong màn hình\r\nCảm biến gia tốc\r\nCảm biến tiệm cận\r\nCảm biến ánh sáng\r\nLa bàn\r\nCon quay hồi chuyển\r\nCảm biến áp kế\r\nĐịnh vị\r\nGPS\r\nGLONASS\r\nBDS\r\nGalileo\r\nQZSS\r\nKết Nối NFC\r\nCó\r\nThiết kế - trọng lượng\r\nKích thước\r\n162.43mm x 74.19mm x 7.99mm\r\nThiết kế\r\nNguyên khối\r\nChất liệu\r\nKhung hợp kim & Mặt lưng thuỷ tinh hữu cơ\r\nTrọng lượng\r\n185g\r\nPin & Sạc\r\nDung lượng pin sản phẩm\r\n5000mAh\r\nHỗ trợ sạc tối đa\r\n67W\r\nLoại pin\r\nLi-Po\r\nCông nghệ pin\r\nSạc nhanh SUPERVOOCTM 67W\r\nSUPERVOOCTM 2.0\r\nSUPERVOOCTM\r\nVOOC 3.0, PD3.0（9V/2A）\r\nTiện ích\r\nBảo mật sinh trắc học\r\nCảm biến vân tay trong màn hình. Nhận diện khuôn mặt 2D\r\nKháng nước, kháng bụi\r\nIPX4\r\nTính năng đặc biệt\r\nỨng dụng kép (Nhân bản ứng dụng)\r\nĐa cửa sổ (chia đôi màn hình)\r\nTrợ lý ảo Google Assistant\r\nMở rộng bộ nhớ RAM\r\nMàn hình luôn hiển thị AOD\r\nLoa kép\r\nKhoá ứng dụng\r\nHDR10+\r\nCử chỉ thông minh\r\nCử chỉ màn hình tắt\r\nChế độ đơn giản (Giao diện đơn giản)\r\nChế độ trẻ em (Không gian trẻ em)', 20, 1, 8990000, 10, '', 4, '2014-05-20', 0),
(37, 'Oppo A77s 8GB/128GB - Chính hãng', '20250505153549_oppo-a77s-8gb-1_main_75_1020.png.png', '', 'Điện thoại sở hữu thiết kế hiện đại, công nghệ camera AI ấn tượng cùng nhiều tính năng thú vị.\r\n\r\nThiết kế mỏng nhẹ, màn hình giải trí đã mắt\r\n\r\nOPPO A77s được trau chuốt kỹ lưỡng về ngoại hình với tạo hình vuông vức theo xu hướng, công nghệ Glow giúp tạo ra mặt lưng hoàn mỹ. Máy có hai phiên bản màu sắc khá bắt mắt đó là Xanh như bầu trời tuyệt đẹp và Đen như các ánh sao trong bầu trời đêm quyến rũ.\r\n\r\nThiết bị sở hữu màn hình giọt nước với viền hai bên khá mỏng, tối ưu không gian hiển thị. Nhờ trang bị tấm nền IPS LCD với kích thước 6.56 inch nên các màu sắc có độ bão hòa cao và hình ảnh trở nên cuốn hút hơn. Tần số quét 90Hz cũng giúp cho thao tác lướt vuốt, chuyển cảnh mượt mà. Sắc màu trên OPPO A77s cũng được tái tạo khá chân thực với 100% DCI-P3 và 96% gam màu NTSC. Ngoài ra, máy còn có tính năng Eye Comfort AI giúp giảm ánh sáng xanh, bảo vệ mắt cả ngày dài.\r\nKích thước màn hình\r\n6.56\"\r\nCông nghệ màn hình\r\nLCD\r\nĐộ phân giải\r\n1612 x 720\r\nTần số quét (Hz)\r\n90Hz\r\nĐộ sáng màn hình\r\n600nits\r\nCamera sau\r\nTính năng\r\nĐiều chỉnh khẩu độ\r\nZoom kỹ thuật số\r\nXóa phông\r\nTrôi nhanh thời gian (Time Lapse)\r\nToàn cảnh (Panorama)\r\nSiêu độ phân giải\r\nQuay chậm (Slow Motion)\r\nNhãn dán (AR Stickers)\r\nLàm đẹp\r\nHDR\r\nGoogle Lens\r\nChụp bằng cử chỉ\r\nChuyên nghiệp (Pro)\r\nBộ lọc màu\r\nBan đêm (Night Mode)\r\nAI Camera\r\nĐèn Flash\r\nCó\r\nĐộ phân giải camera\r\n50 MP ( f/1.8) x 2 MP (f/2.4)\r\nQuay phim\r\nHD 720p@30fps\r\nFullHD 1080p@30fps\r\nCamera trước\r\nĐộ phân giải camera\r\n8 MP\r\nTính năng\r\nXóa phông\r\nTrôi nhanh thời gian (Time Lapse)\r\nToàn cảnh (Panorama)\r\nNhãn dán (AR Stickers)\r\nLàm đẹp\r\nHDR\r\nChụp đêm\r\nChụp bằng cử chỉ\r\nBộ lọc màu\r\nQuay phim\r\nQuay video HD\r\nQuay video Full HD\r\nHệ điều hành & CPU\r\nHệ điều hành\r\nAndroid 12\r\nVi xử lý\r\nSnapdragon 680\r\nVi xử lý đồ họa (GPU)\r\nAdreno 610\r\nTốc độ CPU\r\nOcta-core (4x2.4 GHz Kryo 265 Gold & 4x1.9 GHz Kryo 265 Silver)\r\nBộ nhớ & Lưu trữ\r\nBộ nhớ trong\r\n128GB\r\nThẻ nhớ ngoài\r\nHỗ trợ thẻ nhớ tối đa 1TB\r\nRAM\r\n8GB\r\nBộ nhớ còn lại (khả dụng)\r\n113 GB\r\nKết nối\r\nSố khe SIM\r\nDual nano-SIM + 1 thẻ nhớ\r\nĐịnh vị\r\nCó\r\nBluetooth\r\nV5.0\r\nJack tai nghe\r\n3.5mm\r\nCổng kết nối/sạc\r\nType-C\r\nKết nối khác\r\nOTG\r\nWi-Fi\r\n802.11 a/b/g/n/ac\r\nMạng di động\r\n4G\r\nCảm biến\r\nCảm biến vân tay cạnh bên\r\nCảm biến gia tốc\r\nCảm biến tiệm cận\r\nCảm biến ánh sáng\r\nLa bàn\r\nCảm biến áp kế\r\nCảm biến trọng lực\r\nKết Nối NFC\r\nKhông\r\nThiết kế - trọng lượng\r\nThiết kế\r\nNguyên khối\r\nChất liệu\r\nKhung nhựa & Mặt lưng thuỷ tinh hữu cơ\r\nKích thước\r\n163.4mm x 75.03mm x 7.99mm\r\nTrọng lượng\r\n187g\r\nPin & Sạc\r\nDung lượng pin sản phẩm\r\n5000mAh\r\nHỗ trợ sạc tối đa\r\n33W\r\nLoại pin\r\nLi-Po\r\nCông nghệ pin\r\nTiết kiệm pin\r\nSạc siêu nhanh SuperVOOC\r\nSiêu tiết kiệm pin\r\nTiện ích\r\nKháng nước, kháng bụi\r\nIPX4\r\nTính năng đặc biệt\r\nCảm biến vân tay (cạnh bên)\r\nCảm biến tiệm cận\r\nCảm biến ánh sáng\r\nCảm biến gia tốc kế\r\nLa bàn số\r\nBảo mật sinh trắc học\r\nMở khoá vân tay cạnh viền, Mở khoá khuôn mặt\r\nThông tin chung\r\nThời điểm ra mắt\r\n10/2022\r\nSản phẩm bao gồm\r\nHộp, Sách hướng dẫn, Cây lấy sim, Ốp lưng, Cáp Type C, Củ sạc rời đầu Type A', 20, 0, 5090000, 5, '', 4, '2014-05-20', 0),
(38, 'Điện thoại OPPO A17K (3GB/64GB)', '20250505142445_oppo5.png', '', 'Kích thước màn hình\r\n6.56\"\r\nCông nghệ màn hình\r\nLCD\r\nĐộ phân giải\r\n1612 x 720\r\nTần số quét (Hz)\r\n60Hz\r\nĐộ sáng màn hình\r\n600nits\r\nCamera sau\r\nTính năng\r\nZoom kỹ thuật số\r\nTrôi nhanh thời gian (Time Lapse)\r\nToàn cảnh (Panorama)\r\nLàm đẹp\r\nHDR\r\nChuyên nghiệp (Pro)\r\nBộ lọc màu\r\nBan đêm (Night Mode)\r\nAI Camera\r\nĐèn Flash\r\nCó\r\nĐộ phân giải camera\r\n8 MP (f/2.0)\r\nQuay phim\r\nHD 720p@30fps\r\nFullHD 1080p@30fps\r\nCamera trước\r\nĐộ phân giải camera\r\n5 MP\r\nTính năng\r\nXóa phông\r\nTrôi nhanh thời gian (Time Lapse)\r\nToàn cảnh (Panorama)\r\nLàm đẹp A.I\r\nQuay phim\r\nQuay video HD\r\nQuay video Full HD\r\nHệ điều hành & CPU\r\nHệ điều hành\r\nAndroid 12\r\nVi xử lý\r\nHelio G35\r\nVi xử lý đồ họa (GPU)\r\nIMG PowerVR GE8320\r\nTốc độ CPU\r\nOcta-core (4x2.3 GHz Cortex-A53 & 4x1.8 GHz Cortex-A53)\r\nBộ nhớ & Lưu trữ\r\nRAM\r\n3GB\r\nBộ nhớ trong\r\n64GB\r\nThẻ nhớ ngoài\r\nHỗ trợ thẻ nhớ tối đa 1TB\r\nBộ nhớ còn lại (khả dụng)\r\n50 GB\r\nKết nối\r\nSố khe SIM\r\nDual nano-SIM\r\nĐịnh vị\r\nCó\r\nBluetooth\r\nV5.3\r\nJack tai nghe\r\n3.5mm\r\nCổng kết nối/sạc\r\nMicro USB\r\nKết nối khác\r\nOTG\r\nCảm biến\r\nCảm biến vân tay (cạnh bên)\r\nCảm biến tiệm cận\r\nCảm biến ánh sáng\r\nCảm biến gia tốc kế\r\nLa bàn số\r\nWi-Fi\r\nWi-Fi 802.11 a/b/g/n/ac\r\nMạng di động\r\n4G\r\nKết Nối NFC\r\nKhông\r\nThiết kế - trọng lượng\r\nThiết kế\r\nNguyên khối\r\nChất liệu\r\nKhung & Mặt lưng nhựa\r\nTrọng lượng\r\n189g\r\nKích thước\r\n164.2mm x 75.6mm x 8.3mm\r\nPin & Sạc\r\nDung lượng pin sản phẩm\r\n5000mAh\r\nHỗ trợ sạc tối đa\r\n10W\r\nLoại pin\r\nLi-Po\r\nCông nghệ pin\r\nSạc 10 W\r\nTiện ích\r\nKháng nước, kháng bụi\r\nIPX4\r\nTính năng đặc biệt\r\nỨng dụng kép (Nhân bản ứng dụng)\r\nĐa cửa sổ (chia đôi màn hình)\r\nTối ưu game (Game Turbo)\r\nTrợ lý ảo Google Assistant\r\nThu nhỏ màn hình sử dụng một tay\r\nMở rộng bộ nhớ RAM\r\nCử chỉ màn hình tắt\r\nChế độ đơn giản (Giao diện đơn giản)\r\nChế độ trẻ em (Không gian trẻ em)\r\nChặn tin nhắn\r\nChặn cuộc gọi\r\nChạm 2 lần tắt/sáng màn hình\r\nBảo mật sinh trắc học\r\nMở khoá vân tay cạnh viền, Mở khoá khuôn mặt\r\nThông tin chung\r\nThời điểm ra mắt\r\n10/2022\r\nSản phẩm bao gồm\r\nHộp, Sách hướng dẫn, Cây lấy sim, Ốp lưng, Cáp microUSB, Củ sạc nhanh rời đầu Type A', 20, 0, 3000000, 10, '', 4, '2014-05-20', 0),
(39, 'Điện thoại OPPO Reno11 F 5G (8GB/256GB)', '20250505154245_11f.png', 'xanh', 'Kích thước màn hình\r\n6.7\"\r\nĐộ phân giải\r\n2412 x 1080\r\nCông nghệ màn hình\r\nAMOLED\r\nTần số quét (Hz)\r\n120Hz\r\nĐộ sáng màn hình\r\n1100nits\r\nCamera sau\r\nĐèn Flash\r\nCó\r\nĐộ phân giải camera\r\nCamera chính: 64MP; f/1.7; FOV 81°; AF\r\nCamera góc rộng: 8MP; f/2.2; FOV 112°\r\nCamera macro: 2MP; f/2.4; FOV 89°\r\nTính năng\r\nChế độ chuyên nghiệp, Quay phim, Chụp ảnh, Chụp chân dung, Chụp đêm, Extra HD, Chụp toàn cảnh, Chụp cận cảnh, Slow-motion, Time-Lapse, Dual-view video, Sticker, Quét văn bản, Google Lens\r\nQuay phim\r\n4K@30fps, 1080P@60fps/30fps, 720P@60fps/30fps;\r\nCamera trước\r\nĐộ phân giải camera\r\n32MP; f/2.4; FOV 90°\r\nTính năng\r\nQuay phim, Chụp ảnh, Chụp chân dung, Chụp đêm, Chụp toàn cảnh, Time-lapse, Dual-view video, Sticker\r\nQuay phim\r\n4K/1080P/720P@30fps; 1080P@30fps;\r\nHệ điều hành & CPU\r\nVi xử lý\r\nMediaTek Dimensity 7050\r\nVi xử lý đồ họa (GPU)\r\nARM Mali-G68 MC4\r\nHệ điều hành\r\nAndroid 14\r\nBộ nhớ & Lưu trữ\r\nRAM\r\n8GB\r\nThẻ nhớ ngoài\r\nCó hỗ trợ\r\nBộ nhớ trong\r\n256GB\r\nKết nối\r\nMạng di động\r\n5G\r\nSố khe SIM\r\n2 nano SIM\r\nCổng kết nối/sạc\r\nType-C\r\nCảm biến\r\nLa bàn số\r\nCảm biến ánh sáng\r\nCảm biến tiệm cận\r\nCảm biến gia tốc\r\nCảm biến trọng lực\r\nCon quay hồi chuyển\r\nĐếm bước\r\nWi-Fi\r\nWi-Fi 6 (802.11ax), Wi-Fi 5 (802.11ac), 802.11a/b/g/n/;\r\nWLAN 2.4GHz/WLAN 5GHz;\r\nWLAN Display; WLAN tethering; Wi-Fi 5GHz 80MHz; 2×2 MIMO\r\nĐịnh vị\r\nBeiDou: B1I; GPS: L1; GLONASS: G1; Galileo: E1; QZSS: L1\r\nBluetooth\r\nV5.2\r\nThiết kế - trọng lượng\r\nKích thước\r\n161.6mm x 74.7mm x 7.54mm\r\nTrọng lượng\r\n177g\r\nPin & Sạc\r\nDung lượng pin sản phẩm\r\n5000mAh\r\nHỗ trợ sạc tối đa\r\n67W\r\nLoại pin\r\nLi-Po\r\nTiện ích\r\nBảo mật sinh trắc học\r\nCảm biến vân tay trong màn hình. Nhận diện khuôn mặt 2D', 20, 0, 8050000, 9, '', 4, '2014-05-20', 0),
(40, 'Điện thoại OPPO Find N3 Flip (12GB/256GB)', '20250505140427_oppo-find-n3-flip-ad.png', 'Vang', 'Đánh giá chi tiết OPPO Find N3 Flip\r\nThiết kế mới, ấn tượng hơn và sang trọng hơn\r\nOPPO Find N3 Flip với công nghệ màn hình đỉnh cao\r\nCấu hình mạnh mẽ đến từ con chip MediaTek Dimensity 9200\r\nOPPO Find N3 Flip với hệ thống camera cực kỳ ấn tượng\r\nDung lượng PIN cao với công nghệ sạc nhanh tiên tiến\r\nTần số quét (Hz)\r\n120Hz\r\nCông nghệ màn hình\r\nAMOLED\r\nKích thước màn hình\r\nMH chính: 6.8\"\r\nMH phụ: 3.26\"\r\nĐộ phân giải\r\nMH bên trong: 2520 x 1080\r\nMH ngoài: 720 x 382\r\nĐộ sáng màn hình\r\nMHChính:1600nits\r\nMHPhụ:900nits\r\nCamera sau\r\nQuay phim\r\nTối đa 4K@30fps\r\nTính năng\r\nẢnh Raw\r\nZoom quang học\r\nZoom kỹ thuật số\r\nXóa phông\r\nTự động lấy nét (AF)\r\nTrôi nhanh thời gian (Time Lapse)\r\nToàn cảnh (Panorama)\r\nSiêu độ phân giải\r\nQuét tài liệu\r\nQuét mã QR\r\nQuay chậm (Slow Motion)\r\nPhơi sáng\r\nNhãn dán (AR Stickers)\r\nLàm đẹp\r\nHDR\r\nGóc siêu rộng (Ultrawide)\r\nGoogle Lens\r\nChụp hẹn giờ\r\nChống rung quang học (OIS)\r\nChuyên nghiệp (Pro)\r\nBộ lọc màu\r\nBan đêm (Night Mode)\r\nĐèn Flash\r\nCó\r\nĐộ phân giải camera\r\n50MP (ƒ/1.8) x 32MP (ƒ/2.0) x 48MP (ƒ/2.2)\r\nCamera trước\r\nĐộ phân giải camera\r\n32MP ƒ/2.4, FOV 90°, tiêu cự 21 mm\r\nQuay phim\r\nTối đa 4K@30fps\r\nHệ điều hành & CPU\r\nVi xử lý\r\nMediaTek Dimensity 9200\r\nTốc độ CPU\r\nOcta-core (1x3.05 GHz Cortex-X3 & 3x2.85 GHz Cortex-A715 & 4x1.80 GHz Cortex-A510)\r\nHệ điều hành\r\nAndroid 13\r\nVi xử lý đồ họa (GPU)\r\nImmortalis-G715 MC11\r\nBộ nhớ & Lưu trữ\r\nRAM\r\n12GB\r\nBộ nhớ trong\r\n256GB\r\nThẻ nhớ ngoài\r\nKhông hỗ trợ thẻ nhớ', 20, 0, 19990000, 5, '', 4, '2014-05-20', 0),
(41, 'OPPO Reno12 F 4G 8GB 256GB - Chính hãng', '20250505154111_oppo-reno12-f-4g-8gb-256gb-(36).jpg', 'Xanh', 'Đặc điểm nổi bật\r\n\r\nThiết kế sang trọng, nổi bật với 2 màu sắc cho người dùng lựa chọn.\r\n\r\nCụm camera sau đặt trong module hình tròn, đèn Halo Light tích hợp tạo nên thiết kế đẳng cấp.\r\n\r\nHiệu năng mạnh mẽ nhờ Snapdragon 685, RAM 8GB và dung lượng lưu trữ lên tới 256GB.\r\n\r\nTính năng chụp ảnh hỗ trợ công nghệ AI giúp người dùng thỏa sức đam mê quay, chụp.\r\n\r\nDung lượng pin 5000mAh cùng khả năng sạc nhanh ấn tượng cho phép người dùng sử dụng cả ngày dài mà không lo hết pin.\r\nTiêu chí	Thông số chi tiết\r\nThiết kế	Camera sau đặt trong module hình tròn, đèn Halo Light tích hợp trong module máy ảnh\r\nKích thước	163.05 x 75.75 x 7.69 mm\r\nTrọng lượng	187g\r\nKích thước màn hình	6.67 inch\r\nĐộ phân giải	1080 x 2400 (FHD+)\r\nTần số quét	120Hz\r\nHệ điều hành	ColorOS trên nền tảng Android 14\r\nTốc độ CPU	Adreno 610\r\nVi xử lý	Snapdragon 685\r\nRAM	8GB\r\nBộ nhớ trong	256GB\r\nCamera trước	32MP\r\nCamera sau	50MP (chính) + 8MP (góc rộng) + 2MP (marco)\r\nDung lượng pin	5000mAh\r\nSạc nhanh	Sạc nhanh SuperVOOC 45W\r\nKết nối	Type-C, Bluetooth 5.0, Wi-Fi,...\r\nKháng nước, kháng bụi	IP64', 20, 4, 8490000, 25, '', 4, '2014-05-20', 0),
(42, 'OPPO Reno13 F 5G 12GB/256GB', '20250505153952_oppo_reno13_f_5g_tim_5_858ba5c2ad.png', 'Tim', 'Đặc điểm nổi bật\r\n\r\nMàn hình AMOLED 120Hz mang lại trải nghiệm hiển thị mượt mà, sắc nét với độ sáng lên tới 1200 nit.\r\n\r\nHiệu năng vượt trội từ chipset Snapdragon 6 Gen 1 5G, kết hợp RAM 12GB và bộ nhớ trong 256GB.\r\n\r\nHệ thống camera xuất sắc và hỗ trợ các tính năng nhiếp ảnh AI, đem lại những tấm ảnh chất lượng cao kể cả dưới nước.\r\n\r\nDung lượng pin lớn 5800mAh đi kèm công nghệ siêu sạc nhanh SuperVOOC 45W.\r\n\r\nTích hợp các tính năng AI tăng cường tiện ích và trải nghiệm người dùng.\r\nThông tin chung\r\nMàu sắc	Tím, xám\r\nKích thước	162.2 x 75.05 x 7.76 mm\r\nTrọng lượng	~192g\r\nChất liệu	\r\nMặt lưng: Thủy tinh hữu cơ\r\nKhung viền: Nhựa PC\r\nMàn hình\r\nChất liệu	Kính cường lực AGC DT Star2\r\nKích thước màn hình	6.67 inch\r\nCông nghệ màn hình	AMOLED\r\nĐộ phân giải	1080x2400 (FHD+)\r\nTần số quét	120Hz\r\nĐộ sáng	1200 nit\r\nKhả năng hiển thị màu sắc	16 triệu màu\r\nHệ điều hành & Vi xử lý & Đồ họa\r\nHệ điều hành	ColorOS 15, nền tảng Android 15\r\nChipset	Snapdragon 6 Gen 1 5G, tối đa 2.2GHz\r\nGPU	Adreno 710\r\nRAM & Lưu trữ\r\nRAM	12GB\r\nBộ nhớ trong	256GB\r\nKhe cắm thẻ nhớ	Hỗ trợ thẻ nhớ tối đa 2TB (dùng chung với khay SIM)\r\nCamera sau\r\nĐộ phân giải	\r\nCamera chính 50MP (f/1.8)\r\nCamera góc siêu rộng 8MP (f/2.2)\r\nCamera macro 2MP (f/2.4)\r\nCác tính năng hỗ trợ	\r\nHỗ trợ OIS\r\nNhiếp ảnh AI: Chống lóa AI, làm nét khuôn mặt AI, tăng cường rõ nét AI, họa sĩ AI, ảnh động AI\r\nCông nghệ quay chụp dưới nước: Các nút vật lý độc lập, hệ màu sống động, kháng bụi và nước\r\nCamera trước\r\nĐộ phân giải	32MP (f/2.4)\r\nCác tính năng hỗ trợ	Hỗ trợ lấy nét tự động\r\nKết nối & Cổng giao tiếp\r\nSố khe SIM	2 Nano SIM hoặc 1 Nano SIM + 1 thẻ nhớ\r\nKết nối không dây	\r\nHỗ trợ 5G\r\nBluetooth 5.1 BLE\r\nWi-Fi 2.4G/5G, 802.11 a/b/g/n/ac\r\nHỗ trợ NFC\r\nĐịnh vị	GPS, GALILEO, GLONASS, BDS, QZSS\r\nCổng kết nối	\r\nCổng sạc/tai nghe USB Type-C\r\nHỗ trợ USB OTG\r\nPin & Sạc\r\nDung lượng pin	5800mAh\r\nCông nghệ sạc	Siêu sạc nhanh SuperVOOC 45W\r\nTiện ích\r\nÂm thanh	Loa kép\r\nChuẩn chống nước, chống bụi	IP69/IP68/IP66\r\nCác tính năng khác	\r\nCảm biến vân tay (dưới màn hình)\r\nTrợ thủ AI: Giọng nói thông minh, hộp công cụ AI 2.0, tài liệu thông minh độc quyền OPPO, Google Gemini (khoanh vùng để tìm), ghi chú thông minh', 20, 0, 10500000, 20, '', 4, '2014-05-20', 0),
(50, 'Sạc dự phòng Energizer 10,000mAh /3.7V Li-Polymer', '20250505175625_PIN7.jpg', '', '- Tích hợp sạc không dây hít từ tính giúp giữ chắc thiết bị khi sạc, không lo rơi rớt khi cầm ( tương thích MagSafe hoặc các thiết bị tích hợp sạc không dây) \r\n\r\n- Với dung lượng 10.000mAh cung cấp thời gian sử dụng lên 36 giờ sử dụng cho smartphone\r\n\r\n- Sở hữu 3 cổng sạc ra:  USB-A, USB-C và sạc không dây Qi, hỗ trợ sạc nhiều thiết bị\r\n\r\n- Sạc nhanh không dây Qi với công suất lên tới 7,5W cho iPhone và 15W cho thiết bị Android\r\n\r\n- Cổng USB-A 22,5W hỗ trợ sạc nhanh cho các thiết bị Android, đạt 80% pin chỉ trong 35 phút. \r\n\r\n- Cổng USB-C sạc nhanh hai chiều Power Delivery, cung cấp khả năng sạc nhanh và sạc nhanh lên tới 20W cho iPhone từ 0% lên 50% chỉ trong 30 phút\r\n\r\n- Chân đế tích hợp có thể gập lại tiện lợi, giúp nâng đỡ điện thoại lên khi sạc pin theo chiều ngang hoặc dọc, rảnh tay xem phim hay gọi video\r\n\r\n- PowerSafe Management: Đảm bảo chống đoản mạch, quá dòng, quá tải cho sạc dự phòng và thiết bị\r\n\r\n- Chứng nhận về an toàn & chống cháy nổ: CE, FCC, ETL, CB, EAC, RoHS, Reach, ERP6, DOE6', 20, 0, 450000, 10, '', 7, '2014-05-20', 0),
(51, 'Sạc dự phòng Energizer 10,000mAh /3.7V Li-Polymer', '20250505180146_PIN10.png', '', 'Sạc dự phòng là một trong những phụ kiện không thể thiếu với nhiều người dùng. Nó rất tiện lợi để cung cấp năng lượng cho các thiết bị công nghệ khi người dùng ra ngoài hoặc di chuyển trong những chuyến đi xa. Nếu bạn đang tìm mua một chiếc sạc dự phòng thì có thể tham khảo Sạc dự phòng Energizer 10,000mAh/ 3.7V Li-Polymer - UE10026. Không chỉ có thiết kế nhỏ gọn, thiết bị này có dung lượng tới 10.000mAh, cung cấp 36 giờ sử dụng. Đồng thời, loại sạc này có 2 cổng đầu ra USB-A và USB-C, tiện lợi để sạc 2 thiết bị cùng lúc. \r\n\r\nTổng quan về Sạc dự phòng Energizer 10,000mAh/ 3.7V Li-Polymer\r\nMã sản phẩm: UE10026\r\n\r\nDung lượng: 10.000mAh\r\n\r\nLoại Pin: Lithium Polymer\r\n\r\nMicro Input: 5V/2A\r\n\r\nType-C Input: 5V/2A\r\n\r\nUSB-A Output: 5V/2.1A\r\n\r\nUSB-C Output: 5V/2A\r\n\r\nTổng công suất đầu ra: 10.5W Max\r\n\r\nKích thước: 137.1(L) x67.4(W) x16.1(H) mm\r\n\r\nTrọng lượng: 225±10g\r\n\r\nSạc dự phòng Energizer 10,000mAh/ 3.7V Li-Polymer - Tính năng đặc trưng\r\nDung lượng 10.000mAh đảm bảo nhu cầu sử dụng cho nhiều thiết bị;\r\n\r\nCung cấp đến 36 giờ sử dụng cho smartphone tiêu chuẩn, 16 giờ cho máy tính bảng nhỏ và 8 giờ cho máy tính bảng lớn;\r\n\r\nThiết kế mỏng nhẹ, hiện đại, dễ dàng mang theo mọi lúc, mọi nơi;\r\n\r\n2 cổng sạc ra gồm: USB-A và USB-C, thoải mái sạc 2 thiết bị cùng lúc;\r\n\r\n2 cổng sạc vào: Micro và Type-C;\r\n\r\nĐèn LED thông báo tình trạng pin tiện lợi để theo dõi;\r\n\r\nPowerSafe Management: Đảm bảo chống đoản mạch, quá dòng, quá tải cho sạc dự phòng và thiết bị;\r\n\r\nChứng nhận về an toàn & chống cháy nổ: CE, RoHS, MSDS, Cell IEC 62133, Cell UN38.3 Reports, RCM (Australia).\r\n\r\nSạc dự phòng Energizer 10,000mAh/ 3.7V Li-Polymer - UE10026 chính hãng - Dung lượng lớn hơn, sạc nhanh hơn \r\nEnergizer là thương hiệu sản xuất hàng đầu đến từ Mỹ. Các sản phẩm của thương hiệu này như pin sạc dự phòng, cáp sạc, củ sạc,... được bán phổ biến tại nhiều quốc gia trên thế giới. Không chỉ đáp ứng nhu cầu sử dụng của người dùng, những sản phẩm của Energizer còn đảm bảo các tiêu chuẩn an toàn. Hãy cùng Hoàng Hà Mobile khám phá những ưu điểm của sạc dự phòng Energizer 10.000mAh này nhé.  \r\n\r\nEnergizer 10.000mAh UE10026 nhỏ gọn, có đèn LED\r\nHầu hết các sản phẩm của nhà sản xuất Energizer đều được đánh giá cao về thiết kế. Các sạc dự phòng được ra mắt trước đó tập trung vào sự nhỏ gọn, tiện lợi. Thế nên, Energizer UE10026 chính hãng cũng vậy. Phụ kiện này có trọng lượng chỉ khoảng 225 gram, kích thước 137 x 67 x 16 mm. Thiết kế dẹt, mỏng, nhẹ cho phép người dùng mang bỏ vào túi và mang theo đi khắp mọi nơi.', 20, 2, 550000, 20, '', 7, '2014-05-20', 0),
(54, 'Pin sạc dự phòng Baseus Qpow2 màn hình số 10.000mA', '20250505175801_PIN8.png', '', 'Giới thiệu Pin Sạc Dự Phòng Baseus Qpow 2 Digital Display 30W (10000/20000mAh)\r\nPin Sạc Dự Phòng Baseus Qpow 2 Digital Display 30W là một giải pháp hoàn hảo để sạc điện thoại di động và các thiết bị khác khi bạn đang di chuyển. Với dung lượng lớn và công nghệ sạc nhanh, sản phẩm này giúp bạn duy trì nguồn năng lượng liên tục và không bị gián đoạn trong suốt ngày.\r\n\r\n\r\nTính năng Pin Sạc Dự Phòng Baseus Qpow 2 Digital Display 30W (10000/20000mAh)\r\nDung lượng lớn\r\nPin có dung lượng 10000mAh hoặc 20000mAh (tùy chọn), giúp cung cấp đủ năng lượng để sạc điện thoại di động và các thiết bị khác nhiều lần trước khi cần sạc lại.\r\n\r\nCông suất cao\r\nVới công suất 30W, pin cho phép sạc nhanh và hiệu quả các thiết bị di động.\r\n\r\nMàn hình hiển thị phần trăm pin\r\nPin được trang bị màn hình hiển thị phần trăm pin, giúp người dùng dễ dàng theo dõi dung lượng pin còn lại và biết khi nào cần sạc lại.\r\n\r\nCổng sạc nhanh\r\nPin hỗ trợ sạc nhanh PD3.0 và QC3.0, giúp sạc nhanh chóng các thiết bị tương thích.\r\n\r\nĐa cổng sạc\r\nBaseus Qpow2 có 1 cổng USB-C và 2 cổng USB-A, cho phép sạc đồng thời nhiều thiết bị.\r\n\r\nAn toàn và bảo vệ\r\nPin được tích hợp các chức năng bảo vệ an toàn như ngắn mạch, quá nhiệt, quá áp và quá dòng, đảm bảo an toàn khi sử dụng.\r\n\r\nChất liệu cao cấp\r\nVỏ nhôm hợp kim của pin Baseus Qpow 2 không chỉ tạo nên vẻ ngoài sang trọng mà còn chống trầy xước và bền bỉ.\r\n\r\nThiết kế nhỏ gọn\r\nPin có kích thước nhỏ gọn, dễ dàng mang theo trong túi xách hoặc túi quần, tiện lợi khi di chuyển.', 20, 0, 650000, 15, '', 7, '2014-05-20', 0),
(56, 'Sạc dự phòng iWalk Link Me Watch 9000mAh Lightning', '20250505175248_PIN7.png', '', 'Sạc dự phòng iWalk Link Me Watch 9000mAh là một thiết bị sạc di động tối ưu dành cho người dùng hiện đại, đặc biệt là những người sử dụng các thiết bị Apple. Với công nghệ tiên tiến và thiết kế tinh tế, sản phẩm không chỉ mang lại hiệu suất sạc mạnh mẽ mà còn đảm bảo tính thẩm mỹ và tiện lợi. Dù bạn đang đi du lịch, công tác hay đơn giản là cần một nguồn năng lượng dự phòng, iWalk Link Me Watch 9000mAh sẽ là người bạn đồng hành lý tưởng.\r\nTính năng nổi bật:\r\nDung lượng pin lớn 9000mAh: Với dung lượng pin này, bạn có thể yên tâm sử dụng các thiết bị di động mà không lo bị gián đoạn do hết pin. Sạc dự phòng này có thể sạc đầy iPhone từ 2 đến 3 lần hoặc sạc Apple Watch nhiều lần, đủ đáp ứng cho cả ngày dài.\r\n\r\nSạc nhiều thiết bị cùng lúc: Sản phẩm hỗ trợ sạc đồng thời nhiều thiết bị với các cổng USB-C và Lightning. Điều này giúp bạn dễ dàng sạc các thiết bị như iPhone, iPad, và Apple Watch mà không cần chờ đợi. Đặc biệt, với khả năng sạc không dây cho Apple Watch, thiết bị này giúp bạn loại bỏ sự phức tạp của việc mang theo nhiều dây cáp.\r\n\r\nSạc không dây cho Apple Watch: Được thiết kế dành riêng cho người dùng Apple Watch, sạc dự phòng iWalk Link Me Watch cho phép sạc không dây với công suất 3W. Bạn chỉ cần đặt Apple Watch lên đế sạc tích hợp và thiết bị sẽ tự động sạc, tiện lợi và dễ sử dụng.\r\n\r\nCổng sạc vào linh hoạt: Thiết bị hỗ trợ cổng Type-C với dòng điện vào 5V - 2A, giúp sạc nhanh hơn và hiệu quả hơn. Điều này đảm bảo sạc dự phòng của bạn luôn sẵn sàng để cung cấp năng lượng khi cần thiết.\r\n\r\nThiết kế nhỏ gọn, sang trọng: Với kích thước chỉ 99 x 50 x 30.5 mm và trọng lượng 195g, iWalk Link Me Watch rất tiện lợi để mang theo bên mình. Dù trong túi xách, balo hay túi áo khoác, sản phẩm này không hề gây cồng kềnh, phù hợp với lối sống năng động, hiện đại.', 20, 0, 790000, 0, '', 7, '2014-05-20', 0),
(57, 'YSD- PW 037 - Pin sạc dự phòng', '20250505180341_PIN11.png', '', 'THÔNG TIN KỸ THUẬT\r\n\r\nDung Lượng: 10000mAh\r\n\r\nCông Suất: 10W\r\n\r\nCông Nghệ: Smart AI\r\n\r\nUSB-micro đầu vào: 5V/2A (10W)\r\n\r\nUSB-C Đầu vào: 5V/2A (10W)\r\n\r\n2 cổng USB-A Smart AI đầu ra: 5V/2A (10W)\r\n\r\nđèn LED hiển thị mức pin còn lại trên củ pin dự phòng khi dùng\r\n\r\nKích Thước: 135.5 * 67 * 15mm\r\n\r\nTrọng Lượng: 217g\r\n\r\nChứng chỉ an toàn cháy nổ của Mỹ: FCC của Châu Âu: ROSH, CE,…\r\n\r\nBảo hành: 2 năm ( 1 đổi 1) chính Hãng Innostyle (USA)\r\n\r\nMÔ TẢ\r\nChiếc sạc dự phòng hỗ trợ 2 cổng USB-A 10W cùng với công nghệ Smart Ai để cung cấp tốc độ sạc tối ưu cho thiết bị của bạn, đồng thời thiết kế đèn LED để hiển thị mức pin còn lại của củ pin sạc.\r\n\r\nCông Nghệ Ai: trên những cổng sạc USB-A của củ sạc và sạc dự phòng innostylehỗ trợ nhận biết được thiết bị được sạc với công suất phù hợp để tương thích và giúp thiết bị được sạc với công suất tối đa nhất từ đó giúp thiết bị được sạc nhanh nhất, bền pin nhất và an toàn nhất\r\n\r\nDung lượng 10000mAh có thể sạc được liên tục khi đi bên ngoài cả ngày mà không cần đến cốc và dây cắm sạc.\r\n\r\nTự động bật nguồn khi cắm cáp lightning vào củ sạc dự phòng, nếu trong trường hợp cắm cáp vào củ pin nhưng không sạc cho iPhone thì Pin sẽ tự động tắt nguồn sau 35 giây, một chức năng rất tiện lợi cho người dùng mà không cần bấm nút nguồn để sạc pin cho iPhone (những loại cáp khác thì vẫn sẽ bấm nút nguồn để mở nguồn sạc).\r\n\r\nBảo vệ quá dòng và ngắn mạch giữ cho thiết bị của bạn an toàn trong khi cung cấp tốc độ sạc tối đa', 20, 0, 850000, 10, '', 7, '2014-05-20', 0),
(58, 'Sạc dự phòng Energizer 10,000mAh /3.7V Li-Polymer', '20250505180957_PIN13.png', '', '- Tích hợp 2 cổng USB-A output tiện dụng giúp sạc cùng lúc 2 thiết bị.\r\n\r\n- Dual Input với cổng Micro USB và USB-C lựa chọn cáp sạc tiện dụng\r\n\r\n- Đèn LED thông báo tình trạng pin, mỗi vạch tương ứng với 25% mức pin\r\n\r\n- Tích hợp công nghệ Auto voltage sensing - Tự động cảm biến điện áp giúp tương thích với mọi thiết bị di động.\r\n\r\n- Chứng nhận về an toàn & chống cháy nổ: CE, FCC, ETL, CB, EAC, RoHS, Reach, ERP6, DOE6.', 20, 0, 300000, 0, '', 7, '2014-05-20', 0),
(69, 'Tai nghe Có dây OPPO MH135', '20250505182647_tainghe.jpg', '', 'Tương thích:\r\nmacOS\r\nAndroid, iOS, Windows\r\nJack cắm:\r\n3.5 mm\r\nĐộ dài dây:\r\n1.2 m\r\nTiện ích:\r\nCó mic thoại\r\nKết nối cùng lúc:\r\n1 thiết bị\r\nĐiều khiển:\r\nPhím nhấn\r\nPhím điều khiển:\r\nPhát/dừng chơi nhạc\r\nChuyển bài hát\r\nNhận/Ngắt cuộc gọi\r\nKhối lượng:\r\n12.3 g\r\nThương hiệu của:\r\nTrung Quốc\r\nSản xuất tại:\r\nTrung Quốc', 20, 1, 180000, 0, '', 9, '2014-05-20', 0);
INSERT INTO `sanpham` (`idsp`, `tensp`, `hinhanh`, `mau`, `chitiet`, `soluong`, `daban`, `gia`, `khuyenmai1`, `khuyenmai2`, `madm`, `ngaycapnhat`, `trangthai`) VALUES
(82, 'Điện thoại iPhone 16 Pro - Chính hãng VN/A', '20250505164404_IP.png', 'Kem', 'Công nghệ màn hình\r\nSuper Retina XDR\r\nĐộ phân giải\r\n2622 x 1206\r\nĐộ sáng màn hình\r\n2000nits\r\nTần số quét (Hz)\r\n10-120Hz\r\nKích thước màn hình\r\n6.3\"\r\nCamera sau\r\nTính năng\r\n• Độ phóng đại quang học 5x, độ thu nhỏ quang học 2x; phạm vi thu phóng quang học 10x\r\n• Độ thu phóng kỹ thuật số lên đến 25x\r\n• Điều Khiển Camera\r\n• Ống kính mặc định có thể tùy chỉnh (Fusion)\r\n• Lớp bảo vệ ống kính bằng sapphire\r\n• Flash True Tone Thích Ứng\r\n• Photonic Engine\r\n• Deep Fusion\r\n• HDR thông minh thế hệ 5\r\n• Ảnh chân dung thế hệ mới với tính năng Lấy Nét và Điều Khiển Chiều Sâu\r\n• Hiệu ứng Chiếu Sáng Chân Dung với sáu chế độ\r\n• Chế độ Ban Đêm\r\n• LiDAR Scanner hỗ trợ chụp ảnh chân dung ở chế độ ban đêm\r\n• Chụp ảnh toàn cảnh Panorama (lên đến 63MP)\r\n• Phong Cách Nhiếp Ảnh thế hệ mới nhất\r\n• Ảnh không gian\r\n• Chụp ảnh macro 48MP (Ultra Wide)\r\n• Apple ProRAW\r\n• Chụp hình dải màu rộng cho ảnh và ảnh động Live Photos\r\n• Hiệu chỉnh ống kính (Ultra Wide)\r\n• Hiệu chỉnh mắt đỏ nâng cao\r\n• Tự động chống rung hình ảnh\r\n• Chế độ Chụp Liên Tục\r\n• Định vị ảnh\r\n• Định dạng của hình ảnh được chụp: HEIF, JPEG, và DNG\r\nĐèn Flash\r\nCó\r\nĐộ phân giải camera\r\n48MP (ƒ/1.78) x 12MP (ƒ/1.6) x 48MP (ƒ/2.2) x 12MP (ƒ/2.8)\r\nQuay phim\r\nFusion 48MP: 24 mm, khẩu độ ƒ/1.78, chống rung quang học dịch chuyển cảm biến thế hệ thứ hai, Focus Pixels 100%, hỗ trợ ảnh có độ phân giải siêu cao (24MP và 48MP)\r\nĐồng thời hỗ trợ Telephoto 2x 12MP: 52 mm, khẩu độ ƒ/1.6, chống rung quang học dịch chuyển cảm biến, Focus Pixels 100%\r\nUltra Wide 48MP: 13 mm, khẩu độ ƒ/2.2 và trường ảnh 120°, Hybrid Focus Pixels, ảnh có độ phân giải siêu cao (48MP)\r\nTelephoto 5x 12MP: 120 mm, khẩu độ ƒ/2.8 và trường ảnh 20°, Focus Pixels 100%, ống kính bảy thành phần, chống rung quang học dịch chuyển cảm biến 3D và tự động lấy nét, thiết kế tetraprism\r\nCamera trước\r\nĐộ phân giải camera\r\nCamera 12MP, khẩu độ ƒ/1.9\r\nQuay phim\r\n• Quay video 4K Dolby Vision ở tốc độ 24 fps, 25 fps, 30 fps, hoặc 60 fps\r\n• Quay video 1080p Dolby Vision ở tốc độ 25 fps, 30 fps, hoặc 60 fps\r\n• Chế độ Điện Ảnh hỗ trợ độ phân giải lên đến 4K Dolby Vision ở tốc độ 30 fps\r\n• Quay video ProRes lên đến 4K ở 60 fps với khả năng ghi vào ổ đĩa gắn ngoài\r\n• Quay video định dạng Log\r\n• Academy Color Encoding System (Hệ Thống Màu Của Viện Hàn Lâm, ACES)\r\n• Hỗ trợ quay video chậm 1080p ở tốc độ 120 fps\r\n• Video tua nhanh có chống rung\r\n• Tua nhanh ở chế độ Ban Đêm\r\n• Quay video QuickTake lên đến 4K ở tốc độ 60 fps chất lượng Dolby Vision\r\n• Chống rung video kỹ thuật số (4K, 1080p, và 720p)\r\n• Âm Thanh Không Gian và thu âm stereo\r\nTính năng\r\n• Tự động lấy nét theo pha Focus Pixels\r\n• Flash Retina\r\n• Photonic Engine\r\n• Deep Fusion\r\n• HDR thông minh thế hệ 5\r\n• Ảnh chân dung thế hệ mới với tính năng Lấy Nét và Điều Khiển Chiều Sâu\r\n• Hiệu ứng Chiếu Sáng Chân Dung với sáu chế độ\r\n• Animoji và Memoji\r\n• Chế độ Ban Đêm\r\n• Phong Cách Nhiếp Ảnh thế hệ mới nhất\r\n• Apple ProRAW\r\n• Chụp hình dải màu rộng cho ảnh và ảnh động Live Photos\r\n• Hiệu chỉnh ống kính\r\n• Tự động chống rung hình ảnh\r\n• Chế độ Chụp Liên Tục\r\nHệ điều hành & CPU\r\nVi xử lý\r\nApple A18 Pro\r\nHệ điều hành\r\niOS 18\r\nTốc độ CPU\r\nHexa-core (2x4.05 GHz + 4x2.42 GHz)\r\nVi xử lý đồ họa (GPU)\r\nApple 6 nhân\r\nBộ nhớ & Lưu trữ\r\nBộ nhớ trong\r\n128GB\r\nRAM\r\n8GB\r\nThẻ nhớ ngoài\r\nKhông hỗ trợ thẻ nhớ\r\nKết nối\r\nSố khe SIM\r\n1 Nano SIM\r\nĐịnh vị\r\nGPS tần số kép chuẩn xác (GPS, GLONASS, Galileo, QZSS, BeiDou và NavIC)\r\nLa bàn kỹ thuật số\r\nWi‑Fi\r\nMạng di động\r\nĐịnh vị vi mô iBeacon\r\nBluetooth\r\nV5.3\r\nCổng kết nối/sạc\r\nType-C\r\nJack tai nghe\r\nType-C\r\nCảm biến\r\nLiDAR Scanner\r\nÁp kế\r\nCon quay hồi chuyển độ lệch tương phản cao\r\nGia tốc kế lực G cao\r\nCảm biến tiệm cận\r\nHai cảm biến ánh sáng môi trường xung quanh\r\nKết nối khác\r\nDisplayPort\r\nUSB 3 (lên đến 10Gb/s)\r\nĐang cập nhật\r\nWi-Fi\r\nWi‑Fi 7 (802.11be)\r\nMạng di động\r\n5G\r\nKết Nối NFC\r\nCó\r\nThiết kế - trọng lượng\r\nThiết kế\r\nNguyên khối\r\nKích thước\r\n149.6mm x 71.5mm x 8.25mm\r\nTrọng lượng\r\n199g\r\nChất liệu\r\nThiết kế titan\r\nMặt trước Ceramic Shield thế hệ mới nhất\r\nMặt sau bằng kính nhám\r\nPin & Sạc\r\nLoại pin\r\nLi-Ion\r\nHỗ trợ sạc tối đa\r\n30W\r\nCông nghệ pin\r\n• Sạc không dây MagSafe lên đến 25W với bộ tiếp hợp 30W trở lên\r\n• Sạc không dây Qi2 lên đến 15W\r\n• Sạc không dây Qi lên đến 7,5W\r\n• Khả năng sạc nhanh: Sạc lên đến 50% trong khoảng 30 phút13 với bộ tiếp hợp 20W trở lên sử dụng cáp sạc USB‑C, hoặc với bộ tiếp hợp 30W trở lên sử dụng Bộ Sạc MagSafe (tất cả được bán riêng)\r\nTiện ích\r\nBảo mật sinh trắc học\r\nFace ID\r\nTính năng đặc biệt\r\n• Được tích hợp vào iPhone, Apple Intelligence giúp bạn viết lách, thể hiện bản thân và hoàn thành công việc dễ dàng. Với tính năng bảo vệ quyền riêng tư đột phá, Apple Intelligence giúp bạn yên tâm rằng không một ai khác có thể truy cập dữ liệu của bạn, kể cả Apple.\r\n• Nút điều khiển camera: Độ Phơi Sáng, Chiều Sâu, Thu Phóng, Camera, Phong Cách, Tông\r\n• Tương Thích Với Thiết Bị Trợ Thính\r\nKháng nước, kháng bụi\r\nIP68', 1000, 0, 35000000, 15, 'Tai nghe chinh hang', 12, '2014-05-26', 0),
(88, 'Điện thoại Samsung Galaxy A56 5G 12GB/256GB', '20250505112432_samsung1.jpg', 'Trắng', 'Cấu hình & Bộ nhớ\r\nHệ điều hành:\r\nAndroid 15\r\nChip xử lý (CPU):\r\nExynos 1580 8 nhân\r\nTốc độ CPU:\r\n2.9 GHz\r\nChip đồ họa (GPU):\r\nĐang cập nhật\r\nRAM:\r\n12 GB\r\nDung lượng lưu trữ:\r\n256 GB\r\nDung lượng còn lại (khả dụng) khoảng:\r\n234 GB\r\nDanh bạ:\r\nKhông giới hạn\r\nCamera & Màn hình\r\nĐộ phân giải camera sau:\r\nChính 50 MP & Phụ 12 MP, 5 MP\r\nQuay phim camera sau:\r\nHD 720p@240fps\r\n4K 2160p@30fps\r\nĐèn Flash camera sau:\r\nCó\r\nTính năng camera sau:\r\nZoom kỹ thuật số\r\nXóa phông\r\nTự động lấy nét (AF)\r\nToàn cảnh (Panorama)\r\nSiêu cận (Macro)\r\nQuay chậm (Slow Motion)\r\nLàm đẹp\r\nHDR\r\nGóc siêu rộng (Ultrawide)\r\nChống rung quang học (OIS)\r\nChuyên nghiệp (Pro)\r\nBộ lọc màu\r\nBan đêm (Night Mode)\r\nĐộ phân giải camera trước:\r\n12 MP\r\nTính năng camera trước:\r\nXóa phông\r\nNhãn dán (AR Stickers)\r\nLàm đẹp\r\nHDR\r\nBộ lọc màu\r\nCông nghệ màn hình:\r\nSuper AMOLED\r\nĐộ phân giải màn hình:\r\nFull HD+ (1080 x 2340 Pixels)\r\nMàn hình rộng:\r\n6.7\" - Tần số quét 120 Hz\r\nĐộ sáng tối đa:\r\n1200 nits\r\nMặt kính cảm ứng:\r\nKính cường lực Corning Gorilla Glass Victus+\r\nPin & Sạc\r\nDung lượng pin:\r\n5000 mAh\r\nLoại pin:\r\nLi-Ion\r\nHỗ trợ sạc tối đa:\r\n45 W\r\nCông nghệ pin:\r\nTiết kiệm pin\r\nSạc pin nhanh\r\nTiện ích\r\nBảo mật nâng cao:\r\nMở khoá vân tay dưới màn hình\r\nMở khoá khuôn mặt\r\nTính năng đặc biệt:\r\nKhoanh vùng search đa năng\r\nChạm 2 lần sáng màn hình\r\nKháng nước, bụi:\r\nIP67\r\nGhi âm:\r\nGhi âm mặc định\r\nGhi âm cuộc gọi\r\nXem phim:\r\nWEBM\r\nMP4\r\nMKV\r\nM4V\r\nFLV\r\nAVI\r\n3GP\r\n3G2\r\nNghe nhạc:\r\nXMF\r\nWAV\r\nRTX\r\nRTTTL\r\nOTA\r\nOGG\r\nOGA\r\nMXMF\r\nMP3\r\nMidi\r\nM4A\r\nIMY\r\nFLAC\r\nAWB\r\nAMR\r\nAAC\r\n3GA\r\nKết nối\r\nMạng di động:\r\nHỗ trợ 5G\r\nSIM:\r\n2 Nano SIM hoặc 2 eSIM hoặc 1 Nano SIM + 1 eSIM\r\nWifi:\r\nWi-Fi MIMO\r\nWi-Fi hotspot\r\nWi-Fi Direct\r\nWi-Fi 6\r\nDual-band (2.4 GHz/5 GHz)\r\nGPS:\r\nQZSS\r\nGPS\r\nGLONASS\r\nGALILEO\r\nBEIDOU\r\nBluetooth:\r\nv5.3\r\nCổng kết nối/sạc:\r\nType-C\r\nJack tai nghe:\r\nType-C\r\nKết nối khác:\r\nNFC\r\nThiết kế & Chất liệu\r\nThiết kế:\r\nNguyên khối\r\nChất liệu:\r\nKhung kim loại & Mặt lưng kính\r\nKích thước, khối lượng:\r\nDài 162.2 mm - Ngang 77.5 mm - Dày 7.4 mm - Nặng 198 g\r\nThời điểm ra mắt:\r\n03/2025', 20000, 1, 10000000, 15, '', 3, '2025-05-04', 0),
(89, 'Điện thoại Xiaomi 15 Ultra 16GB/512GB', '20250505155015xiaomi-15-ultra-white-thumbnew-600x600.jpg', '', 'Đặc điểm nổi bật\r\n\r\nMàn hình LTPO AMOLED 6.73 inch, độ phân giải WQHD+, hỗ trợ HDR10+ và Dolby Vision, mang lại trải nghiệm hình ảnh sắc nét, sống động.\r\n\r\nChip Snapdragon 8 Elite, CPU 8 nhân Oryon và GPU Adreno hiệu suất cao, đảm bảo xử lý mượt mà từ các tác vụ cơ bản đến chuyên sâu.\r\n\r\nHệ thống camera ấn tượng, bao gồm camera chính 50MP, camera tele 50MP, camera kính tiềm vọng 200MP và camera góc siêu rộng 50MP, mang lại khả năng chụp ảnh đáp ứng mọi nhu cầu.\r\n\r\nHệ điều hành Xiaomi HyperOS 2, tích hợp AI thông minh giúp tối ưu hóa hiệu suất và trải nghiệm người dùng.\r\n\r\nDung lượng pin lớn 5410mAh, hỗ trợ sạc nhanh 90W HyperCharge, sạc không dây 80W và sạc ngược 10W, giúp kéo dài thời gian sử dụng.\r\n\r\nThông tin chung\r\nMàu sắc	Đen, trắng, bạc chrome\r\nKích thước	\r\nĐen, trắng: 161.3 x 75.3 x 9.35 mm\r\nBạc chrome: 161.3 x 75.3 x 9.48 mm\r\nTrọng lượng	\r\nĐen, trắng: 226g\r\nBạc chrome: 229g\r\nThiết kế	\r\nLấy cảm hứng từ máy ảnh cổ điển\r\nKhung hợp kim nhôm cường lực\r\nChuẩn chống bụi và nước	IP68\r\nMàn hình\r\nChất liệu	Kính cường lực Xiaomi Shield 2.0\r\nKích thước màn hình	6.73 inch\r\nCông nghệ màn hình	LTPO AMOLED\r\nĐộ phân giải	3200x1440 (WQHD)\r\nTốc độ làm mới	\r\nTần số động 1 - 120Hz\r\nTốc độ lấy mẫu cảm ứng lên đến 300Hz\r\nĐộ sáng tối đa	3200 nit\r\nCác thông số khác	\r\nDải màu DCI-P3\r\nHỗ trợ 68 tỷ màu\r\nĐiều chỉnh độ sáng PWM 1920Hz / Giảm độ sáng DC\r\nHỗ trợ Dolby Vision, HDR10+\r\nChứng nhận TÜV Rheinland về: Giải pháp phần cứng giảm ánh sáng xanh, Không nhấp nháy, Thân thiện với nhịp sinh học\r\nHệ điều hành & Vi xử lý & Đồ họa\r\nHệ điều hành	Xiaomi HyperOS 2\r\nXiaomi HyperAI\r\nXiaomi HyperCore\r\nXiaomi HyperConnect\r\nChipset	Snapdragon 8 Elite\r\nTiến trình 3nm tiên tiến từ TSMC\r\n8 nhân Oryon CPU (2 x 4.32GHz + 6 x 3.53GHz)\r\nGPU	Adreno\r\nNPU	Hexagon (hiệu suất lên đến 80TOPS)\r\nRAM & Lưu trữ\r\nRAM	LPDDR5X 16GB\r\nBộ nhớ trong	UFS 4.1 512GB\r\nHệ thống camera\r\nCamera sau	\r\nCamera chính 50MP, f/1.63, 23mm - 28mm - 35mm\r\nCamera tele 50MP, f/1.8, 70mm\r\nCamera tele kính tiềm vọng 200MP, f/2.6, 100mm\r\nCamera góc siêu rộng 50MP, f/2.2, 14mm\r\nQuay video camera sau	\r\n8K @ 30fps\r\n4K Dolby Vision @ 60fps\r\n4K @ 30fps, 60fps, 120fps\r\n4K 10-bit Log @ 60fps\r\n4K chế độ quay chậm điện ảnh @ 120fps\r\nCamera trước	32MP, f/2.0, 21mm\r\nQuay video camera trước	4K @ 30fps, 60fps\r\nTính năng	\r\nỐng kính quang học Leica Summilux\r\nHỗ trợ chống rung quang học (OIS)\r\nChụp ảnh thông minh với công nghệ hình ảnh Xiaomi AISP 2.0\r\nHDR\r\nChế độ Ban đêm\r\nChế độ Chân dung chuyên nghiệp\r\nChụp đường phố siêu tốc\r\nChế độ Điện ảnh chuyên nghiệp\r\nChế độ Đạo diễn\r\nChụp ảnh bằng giọng nói\r\nHệ thống Master-lens mới\r\nHiệu ứng Bokeh rộng & Bokeh bong bóng\r\nQuay video HDR10+\r\nỔn định hình ảnh cực cao\r\nKết nối & Cổng giao tiếp\r\nSố khe SIM	SIM kép(2 Nano SIM / nano SIM + eSIM / 2 eSIM)\r\nKết nối không dây	\r\nHỗ trợ 5G\r\nBluetooth 6.0, Bluetooth kép\r\nHỗ trợ Wi-Fi 7, 4x4 MIMO\r\nHỗ trợ NFC\r\nCổng kết nối	Cổng sạc USB Type-C\r\nPin & Sạc\r\nDung lượng pin	5410mAh Xiaomi Surge\r\nCông nghệ sạc	\r\nSạc nhanh 90W HyperCharge\r\nSạc không dây 80W\r\nSạc ngược không dây 10W\r\nHỗ trợ QC3+ / QC3.0 / QC2.0 / PD3.0 / PD2.0 / MI FC 2.0\r\nTiện ích\r\nÂm thanh	\r\nLoa kép stereo\r\nHệ thống 4 mic\r\nDolby Atmos\r\nChứng nhận Hi-Res, Hi-Res Audio Wireless\r\nCác tính năng khác	\r\nHệ thống tản nhiệt Xiaomi 3D Dual-Channel IceLoop\r\nCảm biến vân tay siêu âm', 200, 0, 32007000, 15, '', 5, '2025-05-05', 0),
(90, 'Điện thoại Xiaomi Redmi 13 (6GB/128GB)', '20250505155241xiaomi-redmi-note-13-black-thumb-600x600.jpg', '', 'Đặc điểm nổi bật\r\n\r\nThiết kế hiện đại với mặt kính bóng bẩy, khung máy chắc chắn, có khả năng kháng bụi và nước nhẹ theo chuẩn IP53.\r\n\r\nMàn hình IPS LCD rộng rãi, độ phân giải cao kết hợp tần số quét 90Hz cho trải nghiệm lướt chạm mượt mà.\r\n\r\nCamera 108MP cho khả năng chụp ảnh chi tiết, sắc nét, hỗ trợ chụp thiếu sáng tốt và zoom kỹ thuật số ấn tượng.\r\n\r\nVi xử lý Helio G91 Ultra mạnh mẽ được tối ưu cho hiệu năng ổn định trong các tác vụ thường ngày và chơi game nhẹ đến trung bình.\r\n\r\nPin 5030mAh đủ dùng cho cả ngày kèm sạc nhanh 33W tiết kiệm thời gian sạc đáng kể.\r\nThông số	Chi tiết\r\nKích thước	168.6 x 76.3 x 8.3 mm\r\nTrọng lượng	205g\r\nChuẩn kháng nước, bụi	IP53\r\nMàn hình	\r\nKích thước 6.79 inch\r\nTấm nền IPS LCD\r\nĐộ phân giải FHD+ (2460x1080)\r\nTần số quét 90Hz\r\nĐộ sáng 550 nit\r\nMặt kính Corning Gorilla Glass\r\nVi xử lý (CPU)	MediaTek Helio G91 Ultra (12nm)\r\nGPU	Mali-G52 MC2\r\nHệ điều hành	Android 14, HyperOS\r\nRAM	6GB\r\nBộ nhớ trong	128GB\r\nThẻ nhớ	Hỗ trợ thẻ nhớ microSDXC (dùng chung khe SIM)\r\nCamera sau	\r\nĐộ phân giải 108MP (chính, f/1.8, PDAF) + 2MP (macro, f/2.4)\r\nQuay video 1080p@30fps\r\nCamera trước	\r\nĐộ phân giải 13MP (f/2.5)\r\nQuay video 1080p@30fp\r\nSố khe SIM	2 Nano SIM\r\nKết nối không dây	\r\nHỗ trợ 4G\r\nWi-Fi 802.11 a/b/g/n/ac, băng tần kép\r\nBluetooth 5.4\r\nHỗ trợ NFC\r\nCổng sạc/kết nối	\r\nCổng USB Type-C\r\nJack tai nghe 3.5mm\r\nPin	5030mAh\r\nCông nghệ sạc	Sạc nhanh 33W', 500, 0, 4200000, 20, '', 5, '2025-05-05', 0),
(91, 'Xiaomi Redmi Note 14 Pro+ 5G 8GB/256GB', '20250505155530xiaomi-redmi-note-14-pro-plus-(30).jpg', '', 'Đặc điểm nổi bật\r\n\r\nMàn hình 6.67 inch ấn tượng, sử dụng công nghệ CrystalRes AMOLED với độ phân giải 1.5K (1220x2712), hỗ trợ các công nghệ Dolby Vision cùng HDR10+.\r\n\r\nHiệu năng mạnh mẽ từ chipset Snapdragon 7s Gen 3, GPU Qualcomm Adreno, RAM 8GB, bộ nhớ trong 256GB và hệ điều hành Xiaomi HyperOS.\r\n\r\nCamera chính 200MP vượt trội hỗ trợ OIS, E2E AI Remosaic, quay phim Dynamic Shots, Dual Video cùng camera trước 20MP và các tính năng chỉnh sửa ảnh hỗ trợ AI.\r\n\r\nDung lượng pin lớn 5110mAh, hỗ trợ công nghệ sạc nhanh HyperCharge 120W.\r\n\r\nCác tính năng AI tiên tiến như Google Gemini, khoanh vùng tìm kiếm, phiên dịch AI,....Thông tin chung\r\nMàu sắc	\r\nĐen huyền bí\r\nTím oải hương\r\nXanh băng giá\r\nKích thước	\r\nXanh băng giá, Đen huyền bí: 162.53 x 74.67 x 8.75 mm\r\nTím oải hương: 162.53 x 74.67 x 8.85 mm\r\nTrọng lượng	\r\nXanh băng giá, Đen huyền bí: 210.14g\r\nTím oải hương: 205.13g\r\nChuẩn chống bụi và nước	IP68\r\nMàn hình\r\nChất liệu	Kính cường lực Corning Gorilla Victus 2\r\nKích thước màn hình	6.67 inch\r\nCông nghệ màn hình	CrystalRes AMOLED\r\nĐộ phân giải	1220x2712 (1.5K)\r\nTốc độ làm mới tối đa	120Hz\r\nĐộ sáng tối đa	3000 nit\r\nCác công nghệ sử dụng	\r\nHỗ trợ Dolby Vision\r\nHDR10+\r\nTần số làm mờ PWM 1920Hz\r\nCác công nghệ bảo vệ mắt đạt chứng nhận TÜV Rheinland: Ánh sáng xanh thấp, thân thiện với chu kỳ sinh học, không nhấp nháy\r\nChế độ Game Turbo kết hợp với tốc độ lấy mẫu cảm ứng 2560Hz và công nghệ Touch siêu phân giải 16x\r\nHệ điều hành & Vi xử lý & Đồ họa\r\nHệ điều hành	Xiaomi HyperOS\r\nChipset	Snapdragon 7s Gen 3 (4nm)8 nhân, tối đa 2.5GHz\r\nGPU	Qualcomm Adreno\r\nRAM & Lưu trữ\r\nRAM	8GB\r\nBộ nhớ trong	256GB\r\nCamera sau\r\nĐộ phân giải	\r\nCamera chính 200MP (f/1.65)\r\nCamera góc siêu rộng 8MP (f/2.2)\r\nCamera cận cảnh 2MP (f/2.4)\r\nCác tính năng hỗ trợ	\r\nHỗ trợ tính năng chống rung quang học (OIS)\r\nCamera AI: Làm phim AI, xóa vật thể AI, mở rộng hình ảnh AI\r\nTính năng End-to-End (E2E) AI Remosaic\r\nZoom quang học 2x và 4x trong cảm biến, zoom kỹ thuật số 30x\r\nChế độ Dynamic Shots (cảnh quay động)\r\nChế độ Dual Video\r\nLấy nét theo dõi chuyển động\r\nChế độ chụp nhanh\r\nCamera trước\r\nĐộ phân giải	20MP (f/2.2)\r\nCác tính năng hỗ trợ	\r\nZoom 0.8x cho ảnh selfie rộng hơn\r\nChế độ Chân dung: Làm đẹp AI\r\nKết nối & Cổng giao tiếp\r\nSố khe SIM	2 Nano SIM hoặc 1 Nano SIM + 1 eSIM\r\nKết nối không dây	\r\nHỗ trợ 5G\r\nBluetooth 5.4\r\nWi-Fi 802.11 a/b/g/n/ac, băng tần kép\r\nHỗ trợ NFC\r\nCổng kết nối	\r\nCổng sạc USB Type-C\r\nJack cắm tai nghe 3.5mm\r\nPin & Sạc\r\nDung lượng pin	5110mAh\r\nCông nghệ sạc	Sạc nhanh HyperCharge 120W\r\nTiện ích\r\nÂm thanh	\r\nLoa kép\r\nDolby Atmos\r\nCác tính năng khác	\r\nCảm biến vân tay (trên màn hình)\r\nMở khóa bằng khuôn mặt AI\r\nCác tính năng AI tiên tiến: Google Gemini, khoanh vùng tìm kiếm, phiên dịch AI, ghi chú AI, ghi âm AI, phụ đề AI', 200, 0, 101020000, 25, '', 5, '2025-05-05', 0),
(92, 'Điện thoại Xiaomi 14T Pro 12GB/512GB', '20250505155726xiaomi-14t-5g-12gb-512gb-xanh-(32).jpg', '', 'ặc điểm nổi bật\r\n\r\nChip MediaTek Dimensity 9300+ giúp mang lại hiệu năng mạnh mẽ, xử lý mượt mà các tác vụ hàng ngày và chơi game.\r\n\r\nMàn hình AMOLED 6.67 inch với kích thước lớn, hiển thị hình ảnh sắc nét, màu sắc sống động.\r\n\r\nTần số quét 144Hz giúp tăng trải nghiệm vuốt chạm, chơi game mượt mà hơn.\r\n\r\nHệ thống camera Leica hứa hẹn mang lại chất lượng ảnh chụp xuất sắc, màu sắc chân thực\r\nThông số	Chi tiết\r\nKích thước	160.4 x 75.1 x 8.39 \r\nTrọng lượng	209 g\r\nChất liệu	\r\nKhung hợp kim nhôm\r\nMàn hình	\r\nAMOLED\r\nKích thước 6.67 inch\r\nTần số quét 144Hz\r\nDolby Vision\r\nHDR10+\r\nĐộ sáng tối đa 4000 nit\r\nĐộ phân giải 2712 x 1220 pixel\r\nChipset	MediaTek Dimensity 9300+\r\nGPU	Immortalis-G720 MC12\r\nRAM	12GB\r\nBộ nhớ trong	512GB\r\nCamera sau	\r\n50MP + 50MP + 12MP\r\nThấu kính quang học Leica Vario-Summilux\r\nCảm biến Light Fusion 900\r\nCamera trước	32MP\r\nHệ điều hành	Xiaomi HyperOS\r\nPin	5000mAh\r\nSạc	120W (có dây)', 150, 0, 15000000, 10, '', 5, '2025-05-05', 0),
(93, 'Điện thoại Redmi Note 13 (6GB/128GB)', '20250505160233_445181816.jpeg', '', 'Chiếc Redmi Note 13 ra mắt gần đây gây được sự chú ý lớn với giới yêu công nghệ. Tuy sở hữu hàng loạt tính năng ấn tượng nhưng mức giá sản phẩm lại vô cùng hấp dẫn, cụ thể là dưới 5 triệu đồng. Hãy cùng đánh giá chi tiết mẫu smartphone mới này từ nhà Xiaomi nhé.\r\n\r\nThiết kế vuông vức hài hòa, hiện đại\r\nRedmi Note 13 có khung viền được thiết kế vuông vức, kết hợp hài hòa với các góc cạnh được bo tròn mềm mại, tạo nên một cảm giác vừa vặn và chắc chắn khi cầm nắm. Về mặt kích thước và trọng lượng, Redmi Note 13 ghi điểm với sự nhẹ nhàng khi chỉ nặng 188.5 gram và có độ dày 7.97 mm. Đây một lợi thế lớn giúp người dùng không cảm thấy mệt mỏi khi sử dụng thiết bị trong thời gian dài, dù cho công việc hay giải trí.\r\nĐộ phân giải\r\n2400 x 1080\r\nKích thước màn hình\r\n6.67\"\r\nĐộ sáng màn hình\r\n1800nits\r\nTần số quét (Hz)\r\n120Hz\r\nCông nghệ màn hình\r\nAMOLED\r\nCamera sau\r\nTính năng\r\nXóa phông\r\nTrôi nhanh thời gian (Time Lapse)\r\nToàn cảnh (Panorama)\r\nTilt-shift\r\nSiêu độ phân giải\r\nSiêu cận (Macro)\r\nQuét tài liệu\r\nQuay chậm (Slow Motion)\r\nLàm đẹp\r\nHDR\r\nGóc siêu rộng (Ultrawide)\r\nGoogle Lens\r\nChụp hẹn giờ\r\nChuyên nghiệp (Pro)\r\nBộ lọc màu\r\nBan đêm (Night Mode)\r\nAI Camera\r\nĐèn Flash\r\nCó\r\nĐộ phân giải camera\r\n108MP (f/1.7) + 8MP (f/2.2) + 2MP (f/2.4)\r\nQuay phim\r\n1080p@30fps\r\n720p@30fps\r\nCamera trước\r\nĐộ phân giải camera\r\nCamera trước 16MP f/2.4\r\nQuay phim\r\n1080p 30fps\r\n720p 30fps\r\nHệ điều hành & CPU\r\nVi xử lý\r\nSnapdragon 685\r\nVi xử lý đồ họa (GPU)\r\nAdreno 610\r\nHệ điều hành\r\nAndroid 13\r\nTốc độ CPU\r\nOcta-core (2x2.4 GHz Cortex-A76 & 6x2.0 GHz Cortex-A55)\r\nBộ nhớ & Lưu trữ\r\nBộ nhớ trong\r\n128GB\r\nRAM\r\n6GB\r\nThẻ nhớ ngoài\r\nMicroSD tối đa 1TB\r\nBộ nhớ còn lại (khả dụng)\r\n104 GB\r\nKết nối\r\nMạng di động\r\n4G\r\nCổng kết nối/sạc\r\nType-C\r\nSố khe SIM\r\n2 nano SIM\r\nWi-Fi\r\nWi-Fi Protocol: 802.11a/b/g/n/ac\r\nBluetooth\r\nV5.1\r\nJack tai nghe\r\n3.5mm\r\nCảm biến\r\nCảm biến tiệm cận | Cảm biến ánh sáng xung quanh | Gia tốc kế | La bàn điện tử | Điều khiển hồng ngoại | Con quay hồi chuyển\r\nKết nối khác\r\nHồng ngoại\r\nĐịnh vị\r\nGPS\r\nGLONASS\r\nBDS\r\nGalileo\r\nKết Nối NFC\r\nKhông\r\nThiết kế - trọng lượng\r\nTrọng lượng\r\n188.5g\r\nKích thước\r\n162.24mm x 75.55mm x 7.97mm\r\nChất liệu\r\nKhung và mặt lưng nhựa\r\nThiết kế\r\nNguyên khối\r\nPin & Sạc\r\nDung lượng pin sản phẩm\r\n5000mAh\r\nHỗ trợ sạc tối đa\r\n33W\r\nLoại pin\r\nLi-Po\r\nCông nghệ pin\r\nTiết kiệm pin\r\nSạc pin nhanh\r\nSiêu tiết kiệm pin\r\nTiện ích\r\nBảo mật sinh trắc học\r\nCảm biến vân tay trong màn hình\r\nMở khóa bằng khuôn mặt AI\r\nTính năng đặc biệt\r\nỨng dụng kép (Nhân bản ứng dụng)\r\nĐa cửa sổ (chia đôi màn hình)\r\nÂm thanh Dolby Atmos\r\nThu nhỏ màn hình sử dụng một tay\r\nMở rộng bộ nhớ RAM\r\nMàn hình luôn hiển thị AOD\r\nLoa kép\r\nKhông gian thứ hai\r\nKhoá ứng dụng\r\nDCI-P3\r\nChặn tin nhắn\r\nChặn cuộc gọi\r\nChạm 2 lần tắt/sáng màn hình\r\nKháng nước, kháng bụi\r\nIP54', 25, 0, 3540000, 5, '', 5, '2025-05-05', 0),
(94, 'Điện thoại Redmi Note 13 Pro+ 5G (8GB/256GB)', '20250505160520xiaomi-redmi-note-13-pro-plus-white-thumb-600x600.jpg', '', 'bản, thiết kế thời trang\r\nNổi tiếng với các sản phẩm công nghệ tiên tiến và giá cả phải chăng, Xiaomi luôn nỗ lực cho mắt những thiết bị thông minh, nâng cao trải nghiệm người dùng. Tiếp nối thành công từ những thế hệ trước, thương hiệu tiếp tục cho ra mắt Redmi Note 13 Pro+ 5G (8GB/256GB) với nhiều thiết kế lần đầu tiên xuất hiện. Chiếc smartphone mới hứa hẹn sẽ mang đến nhiều tính năng mới lạ cho người dùng, trở thành điểm sáng của Xiaomi trong đầu năm mới.\r\nĐộ phân giải\r\n2712 x 1220\r\nKích thước màn hình\r\n6.67\"\r\nTần số quét (Hz)\r\n120Hz\r\nCông nghệ màn hình\r\nAMOLED\r\nĐộ sáng màn hình\r\n1800nits\r\nCamera sau\r\nĐèn Flash\r\nCó\r\nĐộ phân giải camera\r\n200MP (f/1.7) + 8MP (f/2.2) + 2MP (f/2.4)\r\nQuay phim\r\n4K (3840x2160) @ 24/30fps\r\n1080p (1920x1080) @ 30/60fps\r\n720p (1280x720) @ 30fps\r\nChuyển động chậm: 1080p (1920x1080) @ 120fps\r\nChuyển động chậm: 720p (1280x720) @ 120/240fps\r\nCamera trước\r\nĐộ phân giải camera\r\nCamera trước 16MP f/2.4\r\nQuay phim\r\n1080p 1920x1080 ở tốc độ 30/60fps\r\n720p 1280x720 ở tốc độ 30fps\r\nHệ điều hành & CPU\r\nHệ điều hành\r\nAndroid 13\r\nVi xử lý đồ họa (GPU)\r\nARM Mali-G610\r\nVi xử lý\r\nMediaTek Dimensity 7200 Ultra\r\nTốc độ CPU\r\nOcta-core (2x2.8 GHz Cortex-A715 & 6x2.0 GHz Cortex-A510)\r\nBộ nhớ & Lưu trữ\r\nRAM\r\n8GB\r\nBộ nhớ trong\r\n256GB\r\nKết nối\r\nCổng kết nối/sạc\r\nType-C\r\nSố khe SIM\r\n2 nano SIM\r\nMạng di động\r\n5G\r\nCảm biến\r\nCảm biến tiệm cận | Cảm biến ánh sáng xung quanh | Gia tốc kế | La bàn điện tử | Điều khiển hồng ngoại | Con quay hồi chuyển | Động cơ tuyến tính trục X\r\nBluetooth\r\nV5.3\r\nJack tai nghe\r\nKhông\r\nKết nối khác\r\nOTG\r\nĐang cập nhật\r\nHồng ngoại\r\nWi-Fi\r\nWi-Fi 6/Wi-Fi 5/Wi-Fi 4/802.11a/b/g\r\nĐịnh vị\r\nBeidou\r\nGPS\r\nGalileo\r\nGLONASS\r\nQZSS\r\nA-GPS\r\nA-GLONASS\r\nA-BDS\r\nMạng không dây\r\nMạng dữ liệu\r\nĐịnh vị được hỗ trợ bằng cảm biến\r\nKết Nối NFC\r\nCó\r\nThiết kế - trọng lượng\r\nTrọng lượng\r\n204,5g\r\nKích thước\r\n161.4mm x 74.2mm x 8.9mm\r\nChất liệu\r\nKhung nhựa, mặt lưng kính\r\nThiết kế\r\nNguyên khối\r\nPin & Sạc\r\nDung lượng pin sản phẩm\r\n5000mAh\r\nHỗ trợ sạc tối đa\r\n120W\r\nLoại pin\r\nLi-Po\r\nCông nghệ pin\r\nTiết kiệm pin\r\nSạc pin nhanh\r\nSiêu tiết kiệm pin\r\nTiện ích\r\nBảo mật sinh trắc học\r\nCảm biến vân tay dưới màn hình\r\nMở khóa bằng khuôn mặt AI\r\nTính năng đặc biệt\r\nỨng dụng kép (Nhân bản ứng dụng)\r\nĐo nhịp tim\r\nÂm thanh Dolby Atmos\r\nTrợ lý ảo Google Assistant\r\nThu nhỏ màn hình sử dụng một tay\r\nMở rộng bộ nhớ RAM\r\nMàn hình luôn hiển thị AOD\r\nLoa kép\r\nKhông gian thứ hai\r\nKhoá ứng dụng\r\nDCI-P3\r\nCửa sổ nổi\r\nCử chỉ thông minh\r\nKháng nước, kháng bụi\r\nIP68', 150, 0, 7521000, 5, '', 5, '2025-05-05', 0),
(95, 'Điện thoại Redmi Note 12 Pro 5G (8GB/256GB)', '20250505160749xiaomi-redmi-note-12-pro-5g-momo-1-600x600.jpg', '', 'Thiết kế thu hút mọi ánh nhìn, nhiều màu sắc\r\nThiết kế đẳng cấp, thu hút mọi ánh nhìn của Redmi Note 12 Pro 5G (8GB/256GB) là yếu tố khiến người dùng liên tưởng đến các thiết bị thuộc phân khúc cận cao cấp khi nhìn vào chiếc smartphone này. Redmi Note 12 Pro 5G theo đuổi phong cách thiết kế khung viền phẳng hiện nay. Kết hợp với đó là các đường cong nhẹ, thanh mảnh ở bốn cạnh tạo nên vẻ sang trọng và cao cấp khi cầm nắm. Không chỉ gây ấn tượng bởi thiết kế, thiết bị này còn sẵn rất nhiều màu sắc để người dùng dễ dàng lựa chọn theo nhu cầu. Bao gồm các màu sắc trending như Xanh bầu trời, Trắng băng tuyết, và Đen màn đêm.\r\nĐộ phân giải\r\n2400 x 1080\r\nKích thước màn hình\r\n6.67\"\r\nCông nghệ màn hình\r\nAMOLED DotDisplay\r\nĐộ sáng màn hình\r\n900nits\r\nTần số quét (Hz)\r\n120Hz\r\nCamera sau\r\nTính năng\r\nXóa phông\r\nTrôi nhanh thời gian (Time Lapse)\r\nToàn cảnh (Panorama)\r\nSiêu độ phân giải\r\nSiêu cận (Macro)\r\nQuay chậm (Slow Motion)\r\nHDR\r\nGóc siêu rộng (Ultrawide)\r\nGóc rộng (Wide)\r\nChống rung quang học (OIS)\r\nChuyên nghiệp (Pro)\r\nBộ lọc màu\r\nBan đêm (Night Mode)\r\nAI Camera\r\nĐèn Flash\r\nCó\r\nĐộ phân giải camera\r\n50MP (f/1.88) x 8MP (f/2.2) x 2MP (f/2.4)\r\nQuay phim\r\n4K 2160p@30fps\r\nFullHD 1080p@60fps\r\nFullHD 1080p@30fps\r\nHD 720p@30fps\r\nCamera trước\r\nĐộ phân giải camera\r\n16MP - f/2.45\r\nTính năng\r\nXóa phông\r\nTrôi nhanh thời gian (Time Lapse)\r\nLàm đẹp\r\nHDR\r\nChụp đêm\r\nChụp bằng cử chỉ\r\nBộ lọc màu\r\nQuay phim\r\nQuay video HD\r\nQuay video Full HD\r\nQuay chậm (Slow Motion)\r\nHệ điều hành & CPU\r\nVi xử lý\r\nMediaTek Dimensity 1080\r\nVi xử lý đồ họa (GPU)\r\nARM Mali-G68\r\nHệ điều hành\r\nAndroid 12\r\nTốc độ CPU\r\nOcta-core (2x2.6 GHz Cortex-A78 & 6x2.0 GHz Cortex-A55)\r\nBộ nhớ & Lưu trữ\r\nRAM\r\n8GB\r\nBộ nhớ trong\r\n256GB\r\nBộ nhớ còn lại (khả dụng)\r\n230 GB\r\nThẻ nhớ ngoài\r\nKhông hỗ trợ thẻ nhớ\r\nKết nối\r\nMạng di động\r\n5G\r\nSố khe SIM\r\n2 nano SIM\r\nWi-Fi\r\nWi-Fi 6\r\nBluetooth\r\nV5.2\r\nCổng kết nối/sạc\r\nType-C\r\nKết nối khác\r\nĐang cập nhật\r\nĐịnh vị\r\nQZSS\r\nGPS\r\nGLONASS\r\nGALILEO\r\nBEIDOU\r\nJack tai nghe\r\n3.5 mm\r\nCảm biến\r\nCảm biến vân tay cạnh bên\r\nCảm biến gia tốc\r\nCảm biến tiệm cận\r\nCảm biến ánh sáng\r\nLa bàn\r\nCon quay hồi chuyển\r\nCảm biến áp kế\r\nKết Nối NFC\r\nCó\r\nThiết kế - trọng lượng\r\nChất liệu\r\nNhựa\r\nThiết kế\r\nNguyên khối\r\nKích thước\r\n162.9mm x × 76mm x × 7.9mm\r\nTrọng lượng\r\n187g\r\nPin & Sạc\r\nDung lượng pin sản phẩm\r\n5000mAh\r\nHỗ trợ sạc tối đa\r\n67W\r\nLoại pin\r\nLi-Po\r\nCông nghệ pin\r\nSạc pin nhanh\r\nTiện ích\r\nKháng nước, kháng bụi\r\nIP53\r\nBảo mật sinh trắc học\r\nCảm biến vân tay cạnh bên\r\nNhận diện khuôn mặt\r\nTính năng đặc biệt\r\nĐa cửa sổ (chia đôi màn hình)\r\nÂm thanh Hi-Res Audio\r\nÂm thanh Dolby Atmos\r\nTrợ lý ảo Google Assistant\r\nThu nhỏ màn hình sử dụng một tay\r\nMở rộng bộ nhớ RAM\r\nMàn hình luôn hiển thị AOD\r\nLoa kép\r\nKhông gian thứ hai\r\nHDR10+\r\nCông nghệ hình ảnh Dolby Vision\r\nChặn tin nhắn\r\nChặn cuộc gọi\r\nChạm 2 lần tắt/sáng màn hình', 200, 0, 5620000, 10, '', 5, '2025-05-05', 0),
(96, 'Điện thoại Xiaomi Redmi A3 (4GB/128GB)', '20250505160926xiaomi-redmi-a3-thumb-600x600.jpg', '', 'Redmi A3 (4GB/128GB) - Chính hãng - dòng điện thoại bình dân \r\nRedmi A3 (4GB/128GB) - Chính hãng là mẫu điện thoại thuộc phân khúc bình dân vừa mới ra mắt của Redmi. Chiếc điện thoại này được giới thiệu tại thị trường Ấn Độ và công ty đã phát hành ở nhiều quốc gia ngay sau đó. Nhờ vào thiết kế hiện đại, cấu hình ổn định, thông số ưu việt đi kèm là mức giá vô cùng hợp lý, Redmi A3 (4GB/128GB) đã nằm trong top những chiếc điện thoại đáng mua ở thời điểm hiện tại. Giá thành không phải là ưu điểm duy nhất của nó mà thiết bị này còn sở hữu nhiều điểm khác để bạn có thể chọn mua. Trong bài viết này hãy cùng khám phá sâu hơn về Redmi A3 (4GB/128GB) - Chính hãng cùng Hoàng Hà Mobile nhé! \r\n\r\nThông số về Redmi A3 (4GB/128GB) - Chính hãng\r\nThông số	Chi tiết\r\nKích thước màn hình	6.71 inch\r\nCông nghệ màn hình	IPS LCD\r\nĐộ phân giải màn hình	720x1650 px\r\nTính năng màn hình	Tần số quét 90HzĐộ sáng màn hình 500 nits\r\nCPU	Helio G36\r\nRAM	4GB\r\nBộ nhớ trong	128GB\r\nThẻ nhớ ngoài	MicroSD hỗ trợ tối đa 1TB\r\nCamera sau	Camera chính: 50MPCamera phụ trợ QVGA\r\nCamera trước	5MP\r\nTính năng camera	Chế độ chụp chân dungChế độ chụp cảnh quanChế độ chụp ban đêm\r\nDung lượng pin	5000mAh\r\nHỗ trợ sạc tối đa	10W\r\nCổng kết nối	USB Type-CJack 3.5mm\r\nKết nối không dây	Bluetooth 5.32.4GHz/5GHz Wifi\r\nKích thước	168.4 x 76.3 x 8.3 mm\r\nMàu sắc	Xanh dươngMàu đenXanh lá', 200, 0, 3200000, 5, '', 5, '2025-05-05', 0),
(97, 'Điện thoại di động Vivo Y04 (V2430) (6GB/128GB)', '20250505161423vivo-y19s-6gb-128gb-(34).jpg', '', 'Đặc điểm nổi bật\r\n\r\nMàn hình lớn 6.74 inch với công nghệ LCD cho trải nghiệm hiển thị tốt, màu sắc trung thực và độ sáng cao giúp nội dung hiển thị rõ ràng.\r\n\r\nViên pin dung lượng 5500mAh đảm bảo thời gian sử dụng dài lâu, cho phép sử dụng thoải mái cả ngày mà không cần sạc.\r\n\r\nVi xử lý T7225 (8 nhân, 12nm) đảm bảo hiệu suất ổn định cho các tác vụ thông thường như lướt web, xem video hay dùng mạng xã hội.\r\n\r\nCamera chính 13MP kết hợp nhiều tính năng chụp ảnh hiện đại như chế độ chân dung, chụp đêm và làm đẹp khuôn mặt.\r\n\r\nKhả năng kháng nước, kháng bụi IP64 giúp máy bền bỉ hơn trong môi trường khắc nghiệt, hạn chế hư hỏng khi tiếp xúc với nước hoặc bụi bẩn.\r\n\r\nThông tin chung\r\nMàu sắc	Vàng Titan, Xanh Phỉ Thuý\r\nKích thước	167.30 x 76.95 x 8.19 mm\r\nTrọng lượng	199g\r\nChất liệu	Polymer\r\nChuẩn chống bụi và nước	IP64\r\nMàn hình\r\nKích thước màn hình	6.74 inch\r\nCông nghệ màn hình	LCD\r\nĐộ phân giải	1600x720\r\nTần số quét	90Hz\r\nĐộ sáng tối đa	570 nit\r\nHệ điều hành & Vi xử lý & Đồ họa\r\nHệ điều hành	Funtouch OS 14 (dựa trên Android 14)\r\nVi xử lý	Unisoc T7225 (12nm)\r\nCPU	8 nhân, 2 x A75@1.8GHz + 6 x A55@1.8GHz\r\nGPU	ARM Mali-G52 MP1\r\nRAM & Lưu trữ\r\nRAM	6GB\r\nBộ nhớ trong	128GB\r\nThẻ nhớ	Hỗ trợ thẻ nhớ lên đến 2TB\r\nHệ thống camera\r\nCamera sau	\r\nĐộ phân giải: 13MP (f/2.2) + 0.08MP (f/3.0)\r\nTính năng: Chụp ảnh, Chụp đêm, Chân dung, Quay video, Toàn cảnh, Live Photo, Chuyển động chậm, Tua nhanh thời gian, Chế độ chuyên nghiệp, Tài liệu\r\nCamera trước	\r\nĐộ phân giải: 5MP (f/2.2)\r\nTính năng: Chụp ảnh, Chân dung, Quay video, Live Photo\r\nKết nối & Cổng giao tiếp\r\nSố khe SIM	2 nano SIM + 1 micro SD\r\nKết nối không dây	\r\nHỗ trợ 4G\r\nBluetooth V5.2\r\nWi-Fi 2.4 GHz / 5 GHz\r\nKết nối khác: FM\r\nCảm biến trọng lực, cảm biến ánh sáng, cảm biến tiệm cận\r\nCổng kết nối	Cổng sạc USB Type-C\r\nPin & Sạc\r\nDung lượng pin	5500 mAh\r\nCông nghệ sạc	\r\nSạc nhanh 15W \r\nHỗ trợ sạc tối đa 15W\r\nTiện ích\r\nCác tính năng khác	\r\nKháng nước, kháng bụi IP64\r\nBảo mật sinh trắc học với vân tay cạnh bên', 200, 0, 3320000, 2, '', 6, '2025-05-05', 0),
(98, 'Điện thoại Vivo V50 Lite 5G (12GB/256GB)', '20250505161624vivo-v50-lite-tim-thumbai-600x600.jpg', '', 'Đặc điểm nổi bật \r\n\r\nMàn hình AMOLED 6.77 inches với độ phân giải FHD+ và tần số quét 120Hz, mang đến trải nghiệm hình ảnh mượt mà và sống động.\r\n\r\nChip MediaTek Dimensity 6300 kết hợp với 12GB RAM và 256GB bộ nhớ trong, đảm bảo hiệu suất mạnh mẽ cho mọi tác vụ.\r\n\r\nCamera chính 50MP và camera góc rộng 8MP, chụp ảnh sắc nét và phong cảnh rộng rãi.\r\n\r\nPin 6500mAh cho thời gian sử dụng lâu dài, kết hợp với sạc nhanh 90W giúp sạc đầy nhanh chóng.\r\n\r\nKết nối 5G và hỗ trợ NFC, mang đến tốc độ mạng nhanh và tính năng thanh toán tiện lợi.\r\nCác tiêu chí 	Thông số kỹ thuật \r\nMàn hình \r\nKích thước màn hình 	6.77 inches\r\nCông nghệ màn hình	AMOLED\r\nTính năng màn hình	FHD+, 120Hz, 1800 nits, 16 triệu màu, Dài màu rộng P3, Kính cường lực Shield\r\nTần số quét	120Hz\r\nKiểu màn hình	Đục lỗ (Nốt ruồi)\r\nRAM & lưu trữ \r\nDung lượng RAM	12 GB \r\nBộ nhớ trong 	256 GB \r\nVi xử lý & đồ họa	Dimensity 6300 \r\nCamera sau 	Camera chính: 50MPCamera góc rộng: 8MP\r\nTính năng 	Làm đẹp AI, Cảm biến IMX882, Aura vòng sáng chân dung\r\nCamera trước 	32MP \r\nPin & công nghệ sạc\r\nPin 	6500mAh \r\nCông nghệ sạc 	Sạc nhanh 90W \r\nCổng sạc 	USB Type-C\r\nGiao tiếp & kết nối\r\nCông nghệ NFC	Có \r\nHỗ trợ mạng 	5G \r\nKích thước & Trọng lượng\r\nKích thước	Dày 7.79mm\r\nTrọng lượng 	196g \r\nThông số khác \r\nChỉ số kháng nước, bụi	IP65\r\nCông nghệ - Tiện ích	Khoanh tròn để tìm kiếm với GoogleAlbum ảnh AIAI liên kết thông minhTăng cường ảnh AIAI phiên dịchAI dịch toàn màn hìnhAI chuyển đổi văn bản trực tiếpXoá vật thể AI\r\nCông nghệ âm thanh	Loa kép âm thanh nổi 400%', 120, 0, 10540000, 10, '', 6, '2025-05-05', 0),
(99, 'Điện thoại Vivo Y04 (V2430) (4GB/64GB)', '20250505161836vivo-y04-gold-thumb-600x600.jpg', '', 'Đặc điểm nổi bật\r\n\r\nMàn hình lớn 6.74 inch với công nghệ LCD cho trải nghiệm hiển thị tốt, màu sắc trung thực và độ sáng cao giúp nội dung hiển thị rõ ràng.\r\n\r\nViên pin dung lượng 5500mAh đảm bảo thời gian sử dụng dài lâu, cho phép sử dụng thoải mái cả ngày mà không cần sạc.\r\n\r\nVi xử lý T7225 (8 nhân, 12nm) đảm bảo hiệu suất ổn định cho các tác vụ thông thường như lướt web, xem video hay dùng mạng xã hội.\r\n\r\nCamera chính 13MP kết hợp nhiều tính năng chụp ảnh hiện đại như chế độ chân dung, chụp đêm và làm đẹp khuôn mặt.\r\n\r\nKhả năng kháng nước, kháng bụi IP64 giúp máy bền bỉ hơn trong môi trường khắc nghiệt, hạn chế hư hỏng khi tiếp xúc với nước hoặc bụi bẩn.\r\nMàu sắc	Vàng Titan, Xanh Phỉ Thuý\r\nKích thước	167.30 x 76.95 x 8.19 mm\r\nTrọng lượng	199g\r\nChất liệu	Polymer\r\nChuẩn chống bụi và nước	IP64\r\nMàn hình\r\nKích thước màn hình	6.74 inch\r\nCông nghệ màn hình	LCD\r\nĐộ phân giải	1600x720\r\nTần số quét	90Hz\r\nĐộ sáng tối đa	570 nit\r\nHệ điều hành & Vi xử lý & Đồ họa\r\nHệ điều hành	Funtouch OS 14 (dựa trên Android 14)\r\nVi xử lý	Unisoc T7225 (12nm)\r\nCPU	8 nhân, 2 x A75@1.8GHz + 6 x A55@1.8GHz\r\nGPU	ARM Mali-G52 MP1\r\nRAM & Lưu trữ\r\nRAM	4GB\r\nBộ nhớ trong	64GB\r\nThẻ nhớ	Hỗ trợ thẻ nhớ lên đến 2TB\r\nHệ thống camera\r\nCamera sau	\r\nĐộ phân giải: 13MP (f/2.2) + 0.08MP (f/3.0)\r\nTính năng: Chụp ảnh, Chụp đêm, Chân dung, Quay video, Toàn cảnh, Live Photo, Chuyển động chậm, Tua nhanh thời gian, Chế độ chuyên nghiệp, Tài liệu\r\nCamera trước	\r\nĐộ phân giải: 5MP (f/2.2)\r\nTính năng: Chụp ảnh, Chân dung, Quay video, Live Photo\r\nKết nối & Cổng giao tiếp\r\nSố khe SIM	2 nano SIM + 1 micro SD\r\nKết nối không dây	\r\nHỗ trợ 4G\r\nBluetooth V5.2\r\nWi-Fi 2.4 GHz / 5 GHz\r\nKết nối khác: FM\r\nCảm biến trọng lực, cảm biến ánh sáng, cảm biến tiệm cận\r\nCổng kết nối	Cổng sạc USB Type-C\r\nPin & Sạc\r\nDung lượng pin	5500 mAh\r\nCông nghệ sạc	\r\nSạc nhanh 15W \r\nHỗ trợ sạc tối đa 15W\r\nTiện ích\r\nCác tính năng khác	\r\nKháng nước, kháng bụi IP64\r\nBảo mật sinh trắc học với vân tay cạnh bên', 150, 0, 2830000, 5, '', 6, '2025-05-05', 0),
(100, 'Vivo Y100 8/256GB - Chính hãng', '20250505162318vn-11134207-7ras8-m2adtvv6a3789a.jpg', '', 'Đặc điểm nổi bật:\r\n\r\nMàn hình AMOLED 6.67 inch với độ phân giải 2400 × 1080, hỗ trợ tần số quét 120Hz và độ sáng lên đến 1800 nits.\r\n\r\nChip xử lý Snapdragon 685 với 8 nhân, tiến trình 6nm mang lại hiệu suất ổn định và tiết kiệm năng lượng.\r\n\r\nBộ nhớ 8GB RAM + 8GB RAM mở rộng cùng với bộ nhớ trong tùy chọn 128GB/256GB và hỗ trợ thẻ nhớ mở rộng lên đến 1TB.\r\n\r\nCamera sau 50MP + 2MP, hỗ trợ nhiều chế độ chụp ảnh như chụp chân dung, chụp đêm, quay video, live photo.\r\n\r\nPin 5000mAh với sạc nhanh 80W giúp nạp đầy pin trong thời gian ngắn.\r\nThông số	Chi tiết\r\nMàn hình	6.67 inch, AMOLED, 2400 × 1080, 120Hz, 1800 nits\r\nChip xử lý	Snapdragon 685, 8 nhân, tiến trình 6nm\r\nRAM	8GB + 8GB mở rộng\r\nBộ nhớ trong	128GB/256GB, hỗ trợ thẻ nhớ lên đến 1TB\r\nCamera	Trước: 8MP, Sau: 50MP + 2MP\r\nPin	5000mAh, sạc nhanh 80W\r\nKích thước 	163.17 × 75.81 × 7.79 mm (Pha Lê Đen) / 7.95 mm (Kim Cương Xanh)\r\nTrọng lượng	186g (Pha Lê Đen), 188g (Kim Cương Xanh)\r\nChất liệu	Polymer', 160, 0, 7650000, 10, '', 6, '2025-05-05', 0),
(101, 'Vivo Y03 4/64GB- Chính hãng', '20250505162558vivo-y03-64gb-(36).jpg', '', 'Đặc điểm nổi bật:\r\n\r\nMàn hình LCD 6,56 inch mang đến cho người xem một trải nghiệm thị giác tuyệt vời.\r\n\r\nThiết kế thanh lịch và tinh tế với những đường cong 2.5D được thiết kế khéo léo.\r\n\r\nChạy trên chipset MediaTek Helio G85 mạnh mẽ, đảm bảo hiệu năng mượt mà trên các ứng dụng. Nâng cao khả năng lưu trữ với 64GB ROM và 4GB Ram.\r\n\r\nChuẩn IP54 chống bụi và nước đảm bảo độ an toàn cho điện thoại.\r\n\r\nHoạt động lâu hơn với 5000mAh PIN và hỗ trợ sạc nhanh 15W mang đến khả năng sạc an toàn và nhanh chóng trong thời gian ngắn.\r\n\r\nCamera chính HD 13MP và camera selfie 5MP giúp ghi lại hình ảnh rõ nét từ mọi góc độ.\r\nThông số	Chi tiết\r\nKích thước	163,63 x 75,58 x 8,39 mm\r\nTrọng lượng	185g\r\nChất liệu mặt sau	Nhựa tổng hợp\r\nMàn hình	\r\nKiểu: LCD\r\nKích cỡ: 6,56 inch\r\nĐộ phân giải: 1612 x 720 (HD+)\r\nTốc độ làm mới: 60 Hz, 90 Hz\r\nĐộ sáng cực đại cục bộ: Không được hỗ trợ\r\nGam màu: không được hỗ trợ\r\nĐộ bão hòa màu: 70% NTSC\r\nMật độ điểm ảnh: 269 PPI\r\nChống bụi, chống nước	IP54\r\nHệ điều hành	Funtouch 14.0\r\nPhiên bản	Android 14\r\nBộ xử lý	Helio G85 số 8, 12 nm\r\nTốc độ xung nhịp CPU	2 X 2,0 GHz + 6 x 1,8 GHz\r\nRAM & ROM	\r\nRAM 4GB LPDDR4X \r\nROM 64GB eMMC 5,1, 1TB\r\nPIN	\r\n5000 mAh (TYP)\r\nSạc điện: 15W\r\nPin Li-on\r\nCamera trước	\r\n5MP\r\nf/2.2 (5 MP)\r\nCamera sau	\r\n13 MP + 0.08 MP\r\nf/2.2 (13 MP) + f/3.0 (0.08 MP)\r\nKết nối	\r\nWifi 2,4 GHz, 5GHz\r\nBluetooth 5.0\r\nUSB 2.0\r\nGPS\r\nOTG\r\nNFC\r\nFM', 210, 0, 2990000, 10, '', 6, '2025-05-05', 0),
(102, 'Điện thoại REALME C75X (6GB/128GB)', '20250505162943realme-c75-8gb-128gb-thumb-1-600x600.jpg', '', 'Đặc điểm nổi bật\r\n\r\nTrải nghiệm mượt mà với màn hình 120Hz, giúp vuốt chạm nhanh nhạy, kết hợp chip Helio G81 Ultra mang lại hiệu suất ổn định.\r\n\r\nSạc siêu tốc 45W, cho phép sạc nhanh, chỉ mất vài phút để có đủ pin sử dụng cả ngày.\r\n\r\nCamera 50MP đa dụng, hỗ trợ nhiều chế độ chụp, giúp ghi lại mọi khoảnh khắc với độ sắc nét ấn tượng.\r\n\r\nThiết kế bền bỉ, đạt chuẩn kháng nước IP69 và chống sốc ArmorShell™, đảm bảo độ bền vượt trội.\r\n\r\nHệ điều hành Android 15, mang đến khả năng tối ưu hiệu suất, bảo mật cao và trải nghiệm mượt mà hơn.\r\nThông số	Chi tiết\r\nMàn hình	FHD 6.67 inch, tần số quét 120Hz, độ sáng 500 nits\r\nVi xử lý	MediaTek Helio G81 Ultra\r\nRAM & Bộ nhớ	8GB RAM (hỗ trợ mở rộng lên 16GB), 128GB/256GB ROM\r\nHệ điều hành	Realme UI 6.0 trên nền Android 15\r\nCamera sau	50MP + AI Camera, hỗ trợ chế độ Night Mode, Dual-View Video\r\nCamera trước	5MP, hỗ trợ AI Beauty, HDR\r\nPin & Sạc	5600mAh, sạc nhanh 45W\r\nBảo mật	Cảm biến vân tay cạnh bên, nhận diện khuôn mặt AI\r\nChống nước & Bụi	IP69 – Chống nước áp suất cao, chống bụi hoàn toàn\r\nThiết kế & Trọng lượng	Khung ArmorShell™ Protection, 7.99mm, 196g\r\nKết nối	4G LTE, Wi-Fi 5, Bluetooth 5.2, cổng USB-C, jack tai nghe 3.5mm', 160, 0, 4750000, 5, '', 11, '2025-05-05', 0),
(103, 'Realme C65S (8GB/256GB)', '20250505163320realme-c65s-blue-thumb-600x600.jpg', '', 'Đặc điểm nổi bật\r\n\r\nMàn hình LCD 6.74 inch, độ phân giải HD+, tốc độ làm mới 90Hz mang lại trải nghiệm hình ảnh sắc nét, sống động.\r\n\r\nChip Unisoc T612 8 nhân và GPU ARM Mali-G57 cho hiệu năng mạnh mẽ.\r\n\r\nDung lượng RAM 8+8GB, bộ nhớ trong 256GB, hỗ trợ thẻ nhớ ngoài tối đa 2TB mang lại khả năng lưu trữ rộng rãi cho các tập tin và ứng dụng.\r\n\r\nCamera chính 50MP chụp ảnh sắc nét, camera trước 8MP hỗ trợ làm đẹp AI.\r\n\r\nDung lượng pin 5000mAh và hỗ trợ sạc nhanh SUPERVOOC 45W cung cấp thời gian sử dụng cả ngày dài.\r\nMàu sắc	\r\nXanh Lục Bảo\r\nXanh Hoàng Gia\r\nKích thước	167.26 x 76.67 x 7.74 mm\r\nTrọng lượng	\r\nXanh Lục Bảo: 189g\r\nXanh Hoàng Gia: 191g\r\nChuẩn chống bụi và nước	IP54\r\nMàn hình\r\nKích thước	6.74 inch\r\nCông nghệ	LCD\r\nĐộ phân giải	1600x720 (HD+)\r\nTốc độ làm mới	Lên tới 90Hz\r\nĐộ sáng tối đa	450 nit (tiêu chuẩn) / 560 nit (tối đa)\r\nCác thông số khác	\r\nCông nghệ bảo vệ mắt\r\nTần số cảm ứng lên tới 180Hz\r\nTỉ lệ hiển thị màn hình 90.3%\r\nHệ điều hành & Vi xử lý & Đồ họa\r\nHệ điều hành	realme UI (trên nền tảng Android 14)\r\nChipset	Unisoc T612Lõi 8 nhân, 2 x A75@1.8GHz & 6 x A55@1.8GHz\r\nGPU	ARM Mali-G57\r\nBộ nhớ & Lưu trữ\r\nRAM	8+8GB\r\nBộ nhớ trong	256GB\r\nKhe cắm thẻ nhớ	Hỗ trợ thẻ nhớ tối đa 2TB\r\nCamera sau\r\nĐộ phân giải	Camera chính 50MP (f/1.8) & cảm biến Flicker\r\nQuay video	\r\n1080p@30fps\r\n720p@30fps\r\n480p@30fps\r\nTính năng	\r\nChụp đêm\r\nToàn cảnh\r\nChân dung\r\nChụp ảnh chân dung thời gian\r\nChuyển động chậm\r\nQuét mã QR\r\nỐng kính Google\r\nCamera trước\r\nĐộ phân giải	8MP (f/2.0)\r\nQuay video	\r\n720p@30fps\r\n480p@30fps\r\nCIF@30fps\r\nTính năng	\r\nChân dung\r\nLàm đẹp\r\nChụp bắt sáng\r\nKết nối & Cổng giao tiếp\r\nSố khe SIM	2 Nano SIM\r\nKết nối không dây	\r\nHỗ trợ 4G\r\nBluetooth 5.0\r\nHỗ trợ 802.11a/b/g/n/ac (Wi-Fi 5, Wi-Fi 4), 2.4GHz / 5GHz\r\nCổng kết nối	\r\nCổng sạc USB Type-C\r\nJack cắm tai nghe 3.5mm\r\nĐịnh vị	AGPS/GPS, GLONASS, BDS, Galileo\r\nPin & Sạc\r\nDung lượng pin	5000mAh\r\nCông nghệ sạc	Sạc nhanh SUPERVOOC 45W\r\nTiện ích\r\nÂm thanh	\r\nLoa đơn\r\nAI giảm tiếng ồn cuộc gọi', 120, 0, 5240000, 10, '', 11, '2025-05-05', 0),
(104, 'Realme 13+ 5G 8/256GB - Chính hãng', '20250505163605REALME.jpg', '', 'Đặc điểm nổi bật\r\n\r\nMàn hình sắc nét OLED 6.67 inch, độ phân giải FHD+ (2400x1080), tần số quét 120Hz, độ sáng tối đa 2000 nit.\r\n\r\nHiệu suất mạnh mẽ từ chipset Dimensity 7300 Energy 5G 8 nhân, GPU ARM Mali-G615, RAM 8GB, bộ nhớ trong 256GB, hỗ trợ thẻ nhớ mở rộng lên đến 2TB.\r\n\r\nHệ thống camera chính 50MP hỗ trợ quay video 4K cùng camera trước 16MP, có các tính năng ổn định hình ảnh và quay video chất lượng cao.\r\n\r\nDung lượng pin lớn lên đến 5000mAh và hỗ trợ sạc nhanh có dây 80W.\r\n\r\nĐược trang bị các tính năng cảm biến vân tay dưới màn hình, nhận diện khuôn mặt và chuẩn chống nước IP65.\r\n\r\nMàu sắc	Tím huyền ảo\r\nKích thước	161.7 x 74.7 x ~ 7.6 mm\r\nTrọng lượng	~ 185g\r\nChất liệu	Nhựa\r\nMàn hình\r\nKích thước màn hình	6.67 inch\r\nCông nghệ màn hình	OLED\r\nĐộ phân giải	2400x1080 (FHD+)\r\nTần số quét	120Hz\r\nĐộ sáng	600 nit (tối đa 2000 nit)\r\nMặt kính cảm ứng	AGC DT-Star2\r\nHệ điều hành & Vi xử lý & Đồ họa\r\nHệ điều hành	realme UI 5.0Chạy trên nền tảng Android 14\r\nChipset	Dimensity 7300 Energy 5G\r\nCPU	Lõi 8 nhân, tiến trình 4nm(4 x 2.5GHz Cortex-A78 & 4 x 2.0GHz Cortex-A55)\r\nGPU	ARM Mali-G615\r\nRAM & Lưu trữ\r\nRAM	8GB\r\nBộ nhớ trong	256GB\r\nKhe cắm thẻ nhớ	Hỗ trợ thẻ microSDXC tối đa 2TB\r\nCamera sau\r\nĐộ phân giải	\r\n50 MP, f/1.8, 26mm (rộng), 1/1.95\", PDAF, OIS\r\n2 MP, f/2.4 (sâu)\r\nỐng kính phụ (cảm biến nhấp nháy)\r\nQuay phim	\r\nQuay thường: 4K@30fps, 1080p@60fps/30fps, 720p@60fps/30fps\r\nỔn định video: EIS/OIS, 1080p@60fps\r\nChuyển động chậm: 1080p@120fps, 720p@240fps/120fps\r\nCamera trước\r\nĐộ phân giải	16MP\r\nQuay phim	1080p@30fps, 720p@30fps\r\nKết nối & Cổng giao tiếp\r\nSố khe SIM	2 Nano SIM (hỗ trợ 1 SIM + 1 SIM hoặc 1 thẻ SD)\r\nKết nối không dây	\r\nHỗ trợ 5G\r\nBluetooth 5.4\r\nWi-Fi 2.4/5GHz\r\nCó NFC\r\nĐịnh vị	GPS, BeiDou, GLONASS, Galileo, QZSS\r\nCác cổng kết nối	\r\nCổng sạc USB Type-C\r\nJack tai nghe 3.5mm\r\nPin & Sạc\r\nDung lượng pin	5000mAh\r\nCông nghệ sạc	Sạc nhanh 80W\r\nTiện ích\r\nBảo mật nâng cao	\r\nCảm biến vân tay dưới màn hình\r\nNhận diện khuôn mặt\r\nChống nước	IP65', 180, 0, 7852000, 15, '', 11, '2025-05-05', 0),
(105, 'Điện thoại realme C53 - 8GB/256GB', '20250505163801realme-c53-black-thumb-600x600.jpg', '', 'Đặc điểm nổi bật: \r\n\r\nChipset Unisoc Tiger T612 mạnh mẽ, đủ sức xử lý các tác vụ cơ bản mượt mà như lướt web, xem phim, chơi game nhẹ.\r\n\r\nRAM 8GB cho khả năng đa nhiệm tốt, hạn chế tình trạng giật lag khi sử dụng nhiều ứng dụng cùng lúc.\r\n\r\nBộ nhớ trong 256GB rộng rãi, thoải mái lưu trữ hình ảnh, video và ứng dụng mà không lo hết dung lượng.\r\n\r\nMàn hình IPS LCD kích thước lớn 6.74 inch, độ phân giải HD+ cho hình ảnh sắc nét, góc nhìn rộng.\r\n\r\nDung lượng pin lớn 5000mAh cho thời gian sử dụng lâu dài, lên đến 2 ngày với nhu cầu sử dụng thông thường.\r\nCông nghệ màn hình 	IPS LCD \r\nĐộ phân giải 	HD+ (720 X 1600 Pixels) \r\nĐộ lớn màn hình 	6.74’’ - Tần số quét 90 Hz\r\nĐộ sáng tối đa 	560 nits\r\nMặt kính cảm ứng 	Kính cường lực Panda \r\nCamera sau độ phân giải 	Camera chính 50MP & Camera phụ 0.08 MP \r\nChế độ quay phim 	\r\nHD 720p@30fps\r\nFullHD 1080p@30fps\r\n480p@30fps\r\nĐèn Flash 	Có hỗ trợ \r\nCác tính năng 	\r\nZoom kỹ thuật số\r\nXóa phông\r\nTrôi nhanh thời gian (Time Lapse)\r\nToàn cảnh (Panorama)\r\nSiêu độ phân giải\r\nQuay chậm (Slow Motion)\r\nLàm đẹp\r\nHDR\r\nChuyên nghiệp (Pro)\r\nBộ lọc màu\r\nBan đêm (Night Mode)\r\nCamera trước độ phân giải	8 MP\r\nCác tính năng 	\r\nXóa phông\r\nNhận diện khuôn mặt\r\nLàm đẹp\r\nHDR\r\nBộ lọc màu\r\nHệ điều hành 	Android 13\r\nChip xử lý 	Unisoc Tiger T612\r\nTốc độ xử lý 	1.82 GHz\r\nChip đồ họa 	Mali-G57\r\nBộ nhớ RAM 	8 GB\r\nDung lượng lưu trữ 	256 GB\r\nThẻ nhớ 	Micro SD, hỗ trợ tối đa 2 TB\r\nMạng di động 	Hỗ trợ 4G\r\nSIM	2 Nano SIM\r\nBluetooth 	v5.0\r\nCổng sạc/ kết nối	Type C\r\nJack tai nghe 	3.5 mm\r\nKết nối khác 	OTG \r\nDung lượng pin 	5000 mAh\r\nLoại pin	Li-Po\r\nHỗ trợ sạc	33 W\r\nCông nghệ pin 	\r\nTiết kiệm pin\r\nSạc siêu nhanh Super VOOC\r\nSiêu tiết kiệm pin\r\nBảo mật nâng cao 	\r\nMở khóa vân tay cạnh viền \r\nMở khóa khuôn mặt \r\nThiết kế 	Nguyên khối \r\nChất liệu 	Mặt lưng & Khung nhựa \r\nKích thước và khối lượng 	Dài 167.3 mm - Ngang 76.7 mm - Dày 7.49 mm - Nặng 182g', 250, 0, 4790000, 15, '', 11, '2025-05-05', 0),
(106, 'Điện thoại di động Realme 14 5G (8GB/256GB)', '20250505164049realme-14t-5g-purple-thumb-600x600.jpg', '', 'Đặc điểm nổi bật\r\n\r\nMàn hình AMOLED 6.67 inch, độ phân giải Full HD+ (1080x2400 pixel), mang đến chất lượng hiển thị rực rỡ, màu sắc sống động.\r\n\r\nTần số quét 120Hz cho hình ảnh mượt mà, tạo cảm giác cuộn, vuốt và chuyển cảnh nhanh chóng, đặc biệt hữu ích khi chơi game.\r\n\r\nBộ vi xử lý Snapdragon 6 Gen 4 5G tích hợp modem 5G cho tốc độ truy cập mạng nhanh và ổn định.\r\n\r\nDung lượng pin 6000mAh cực lớn, đảm bảo thời gian sử dụng kéo dài từ sáng đến tối chỉ với một lần sạc.\r\n\r\nHỗ trợ chế độ kép 5G trên 2 khe Nano SIM, Wi-Fi băng tần kép và Bluetooth 5.2, tạo kết nối ổn định và tốc độ truy cập mạng mượt mà.\r\nàu sắc	\r\nBạc\r\nXám\r\nKích thước	163.1 x 75.65 x ~7.97 mm\r\nTrọng lượng	~196g\r\nChuẩn chống bụi và nước	IP68/IP69/IP66\r\nMàn hình\r\nKích thước	6.67 inch\r\nCông nghệ sử dụng	AMOLED\r\nĐộ phân giải	1080x2400 pixel (FHD+)\r\nTần số quét	120Hz\r\nĐộ sáng	600 nit (tiêu chuẩn), 2000 nit (tối đa)\r\nMàu sắc hiển thị	16.7 triệu màu\r\nHệ điều hành & Vi xử lý & Đồ họa\r\nHệ điều hành	Android 15 (realme UI 6.0)\r\nChipset	Snapdragon 6 Gen 4 5G\r\nCPU	8 nhân (1 x 2.3GHz Cortex-A720s & 3 x 2.2GHz Cortex-A720s & 4 x 1.8GHz Cortex-A520s)\r\nGPU	Adreno GPU\r\nRAM & Lưu trữ\r\nRAM	8GB\r\nBộ nhớ trong	256GB\r\nThẻ nhớ	Hỗ trợ thẻ MicroSD (chung khe SIM)\r\nCamera sau\r\nĐộ phân giải	\r\nCamera AI 50MP (f/1.8)\r\nCamera Bokeh 2MP (f/2.4)\r\nCác tính năng hỗ trợ	Chụp ảnh, Quay video, Chế độ ban đêm, Chế độ chuyên nghiệp, Chân dung, Chế độ độ phân giải cao, Đường phố, Toàn cảnh, Quay chậm, Tilt-shift, Time-lapse, Chụp phơi sáng, Quét tài liệu, Chế độ điện ảnh, Quay video kép, Chế độ chụp dưới nước, Google Lens\r\nCamera trước\r\nĐộ phân giải	16MP (f/2.4)\r\nCác tính năng hỗ trợ	Chế độ chụp ảnh, Quay video, Chế độ chân dung, Chế độ ban đêm, Chế độ toàn cảnh, Tua nhanh thời gian, Video kép, Chế độ dưới nước\r\nKết nối & Cổng giao tiếp\r\nSố khe SIM	2 Nano SIM (1 SIM + 1 SIM hoặc 1 thẻ nhớ)\r\nKết nối không dây	\r\nHỗ trợ 5G\r\nBluetooth 5.2\r\nWi-Fi 4 / Wi-Fi 5 / Wi-Fi 6, băng tần kép\r\nCổng kết nối	Cổng sạc USB Type-C\r\nĐịnh vị	GPS, GLONASS, Galileo, BeiDou, QZSS\r\nPin & Sạc\r\nDung lượng pin	Titan 6000mAh\r\nCông nghệ sạc	Sạc có dây 45W\r\nTiện ích\r\nCác tính năng khác	Cảm biến vân tay quang học trong màn hình', 190, 0, 9540000, 28, '', 11, '2025-05-05', 0),
(107, 'iPhone 16 Plus (128GB) - Chính hãng VN/A', '20250505165029_iphone-16-plus-xanh-thumb-600x600.jpg', '', 'Đặc điểm nổi bật\r\n\r\nThiết kế camera dạng dọc với 5 tùy chọn màu sắc bắt mắt.\r\n\r\nChip A18 với CPU có tốc độ cao hơn 30% so với thế hệ tiền nhiệm.\r\n\r\nNút Action Button và Camera Control mới hỗ trợ chụp ảnh.\r\n\r\nHệ điều hành iOS 18 tích hợp với bộ tính năng Apple Intelligence thông minh.\r\n\r\nThời lượng pin cải thiện 10% nâng cao trải nghiệm của người dùng.\r\nBộ xử lý\r\nChip xử lý	Apple A18 (3nm)\r\nBộ nhớ RAM\r\nRAM 	8GB\r\nBộ nhớ trong	128GB, 256GB, 512GB\r\nHỗ trợ 5G	Có\r\nMàn hình\r\nKích thước 	6,7 inch \r\nĐộ phân giải màn hình chính	1290 x 2796 pixel (~mật độ 461 ppi)\r\nCông nghệ màn hình	Super Retina XDR OLED, HDR10, Dolby Vision, 1000 nits (điển hình), 2000 nits (HBM)Kính Ceramic Shield\r\nTần số quét	60Hz\r\nMáy ảnh\r\nCamera sau 	Camera chính 48 MP, f/1.6, 26mm (rộng), 1/1.56\", 1.0µm, PDAF điểm ảnh kép, OIS dịch chuyển cảm biếnCamera góc rộng 12 MP, f/2.2, 13mm, 120˚ (siêu rộng), 0.7µm, PDAF điểm ảnh kép\r\nCamera trước 	12 MP, f/1.9, 23mm (rộng), 1/3.6\", PDAF\r\nTrọng lượng và kích thước\r\nKích thước	160.9 x 77.8 x 7,8mm\r\nTrọng lượng	199 gram \r\nMàu sắc 	Đen, Trắng, Hồng, Xanh ngọc, Xanh lam đậm\r\nPin và sạc\r\nCông nghệ pin	\r\nCó dây, PD2.0, 50% trong 30 phút (được quảng cáo)\r\nKhông dây 25W (MagSafe)\r\nKhông dây 15W (Qi2)\r\nCổng kết nối	Type-C', 500, 0, 25920150, 5, '', 12, '2025-05-05', 0);
INSERT INTO `sanpham` (`idsp`, `tensp`, `hinhanh`, `mau`, `chitiet`, `soluong`, `daban`, `gia`, `khuyenmai1`, `khuyenmai2`, `madm`, `ngaycapnhat`, `trangthai`) VALUES
(108, 'iPhone 16 Pro Max (512GB) - Chính hãng VN/A', '20250505165332iphone-16-pro-max-tu-nhien-thumb-600x600.jpg', '', ' Độ phóng đại quang học 5x, độ thu nhỏ quang học 2x; phạm vi thu phóng quang học 10x\r\n• Độ thu phóng kỹ thuật số lên đến 25x\r\n• Điều Khiển Camera\r\n• Ống kính mặc định có thể tùy chỉnh (Fusion)\r\n• Lớp bảo vệ ống kính bằng sapphire\r\n• Flash True Tone Thích Ứng\r\n• Photonic Engine\r\n• Deep Fusion\r\n• HDR thông minh thế hệ 5\r\n• Ảnh chân dung thế hệ mới với tính năng Lấy Nét và Điều Khiển Chiều Sâu\r\n• Hiệu ứng Chiếu Sáng Chân Dung với sáu chế độ\r\n• Chế độ Ban Đêm\r\n• LiDAR Scanner hỗ trợ chụp ảnh chân dung ở chế độ ban đêm\r\n• Chụp ảnh toàn cảnh Panorama (lên đến 63MP)\r\n• Phong Cách Nhiếp Ảnh thế hệ mới nhất\r\n• Ảnh không gian\r\n• Chụp ảnh macro 48MP (Ultra Wide)\r\n• Apple ProRAW\r\n• Chụp hình dải màu rộng cho ảnh và ảnh động Live Photos\r\n• Hiệu chỉnh ống kính (Ultra Wide)\r\n• Hiệu chỉnh mắt đỏ nâng cao\r\n• Tự động chống rung hình ảnh\r\n• Chế độ Chụp Liên Tục\r\n• Định vị ảnh\r\n• Định dạng của hình ảnh được chụp: HEIF, JPEG, và DNG\r\nQuay video 4K Dolby Vision ở tốc độ 24 fps, 25 fps, 30 fps, 60 fps, 100 fps (Fusion), hoặc 120 fps (Fusion)\r\nQuay video 1080p Dolby Vision ở tốc độ 25 fps, 30 fps, 60 fps, hoặc 120 fps (Fusion)\r\nQuay video 720p Dolby Vision ở tốc độ 30 fps\r\nChế độ Điện Ảnh hỗ trợ độ phân giải lên đến 4K HDR ở tốc độ 30 fps\r\nChế độ Hành Động hỗ trợ độ phân giải lên đến 2,8K ở tốc độ 60 fps\r\nQuay video không gian 1080p ở tốc độ 30 fps\r\nQuay video ProRes lên đến 4K ở tốc độ 120 fps với khả năng ghi vào ổ đĩa gắn ngoài\r\nQuay video định dạng Log\r\nAcademy Color Encoding System (Hệ Thống Màu Của Viện Hàn Lâm, ACES)\r\nQuay video macro, bao gồm chế độ quay chậm và tua nhanh\r\nHỗ trợ quay video chậm 1080p ở tốc độ lên đến 240 fps và 4K Dolby Vision ở tốc độ lên đến 120 fps (Fusion)\r\nVideo tua nhanh có chống rung\r\nQuay video tua nhanh ở chế độ Ban Đêm\r\nQuay video QuickTake lên đến 4K ở tốc độ 60 fps chất lượng Dolby Vision\r\nChống rung quang học dịch chuyển cảm biến thế hệ thứ hai cho video (Fusion)\r\nChống rung quang học dịch chuyển cảm biến 3D và tự động lấy nét khi quay video (Telephoto)\r\nĐộ thu phóng kỹ thuật số lên đến 25x\r\nPhóng đại âm thanh\r\nFlash True Tone\r\nChống rung video kỹ thuật số (4K, 1080p, và 720p)\r\nVideo tự động lấy nét liên tiếp\r\nChụp ảnh tĩnh 8MP trong khi quay video 4K\r\nThu phóng khi xem\r\nĐịnh dạng của video được quay: HEVC, H.264, và ProRes\r\nÂm Thanh Không Gian và thu âm stereo\r\nBốn micrô chuẩn phòng thu\r\nGiảm tiếng gió\r\nHòa âm\r\n• Quay video 4K Dolby Vision ở tốc độ 24 fps, 25 fps, 30 fps, hoặc 60 fps\r\n• Quay video 1080p Dolby Vision ở tốc độ 25 fps, 30 fps, hoặc 60 fps\r\n• Chế độ Điện Ảnh hỗ trợ độ phân giải lên đến 4K Dolby Vision ở tốc độ 30 fps\r\n• Quay video ProRes lên đến 4K ở 60 fps với khả năng ghi vào ổ đĩa gắn ngoài\r\n• Quay video định dạng Log\r\n• Academy Color Encoding System (Hệ Thống Màu Của Viện Hàn Lâm, ACES)\r\n• Hỗ trợ quay video chậm 1080p ở tốc độ 120 fps\r\n• Video tua nhanh có chống rung\r\n• Tua nhanh ở chế độ Ban Đêm\r\n• Quay video QuickTake lên đến 4K ở tốc độ 60 fps chất lượng Dolby Vision\r\n• Chống rung video kỹ thuật số (4K, 1080p, và 720p)\r\n• Âm Thanh Không Gian và thu âm stereo', 450, 0, 40502000, 7, '', 12, '2025-05-05', 0),
(109, 'Điện thoại iPhone 15 Pro Max (256GB) - Chính hãng ', '20250505165654iphone-15-pro-max-blue-thumbnew-600x600.jpg', '', 'Phone 15 Pro Max màu sắc sang chảnh, iFans cháy túi\r\niPhone 15 Pro Max đem đến cho người dùng đa dạng sự lựa chọn với ba phiên bản bộ nhớ trong lần lượt là 256GB/512GB/1TB và bốn lựa chọn màu gồm Titan Tự Nhiên/Titan Trắng/Titan Xanh/Titan Đen. Ngoài việc sử dụng chất liệu Titan mới, những cải tiến về cấu hình được Apple cập nhật và trang bị hứa hẹn đem đến trải nghiệm người dùng nâng cao hơn.\r\nKích thước màn hình\r\n6.7\"\r\nĐộ phân giải\r\n2796 x 1290\r\nTần số quét (Hz)\r\n120Hz\r\nCông nghệ màn hình\r\nSuper Retina XDR\r\nĐộ sáng màn hình\r\n2000nits\r\nCamera sau\r\nQuay phim\r\nQuay video 4K ở tốc độ 24 fps, 25 fps, 30 fps, hoặc 60 fps\r\nQuay video HD 1080p ở tốc độ 25 fps, 30 fps, hoặc 60 fps\r\nChế độ Điện Ảnh để quay video với độ sâu trường ảnh nông (lên đến 4K HDR ở tốc độ 30 fps)\r\nChế độ Hành Động\r\nQuay video HDR với công nghệ Dolby Vision lên đến 4K ở tốc độ 60 fps\r\nQuay video ProRes lên đến 4K ở 60 fps với khả năng ghi vào ổ đĩa gắn ngoài\r\nQuay video định dạng Log\r\nAcademy Color Encoding System (Hệ Thống Màu Của Viện Hàn Lâm, ACES)\r\nQuay video macro, bao gồm chế độ quay chậm và tua nhanh\r\nHỗ trợ quay video chậm 1080p ở tốc độ 120 fps hoặc 240 fps\r\nVideo tua nhanh có chống rung\r\nTua nhanh ở chế độ Ban Đêm\r\nChế độ quay video QuickTake\r\nChống rung quang học dịch chuyển cảm biến thế hệ thứ hai cho video\r\nPhóng đại âm thanh\r\nThu âm stereo\r\nTính năng\r\nChống rung quang học dịch chuyển cảm biến thế hệ thứ hai\r\nCác lựa chọn thu phóng quang học 0,5x, 1x, 2x, 5x\r\nPhotonic Engine\r\nDeep Fusion\r\nHDR thông minh thế hệ 5 cho ảnh\r\nẢnh chân dung thế hệ mới với Focus và Depth Control\r\nHiệu ứng Chiếu Sáng Chân Dung với sáu chế độ\r\nChế độ Ban Đêm\r\nChụp ảnh chân dung ở chế độ Ban Đêm\r\nPhong Cách Nhiếp Ảnh\r\nChụp ảnh macro\r\nApple ProRAW\r\nĐèn Flash\r\nCó\r\nĐộ phân giải camera\r\n48MP (ƒ/1.78) x 12MP (ƒ/2.2) x 12MP (ƒ/2.8)\r\nCamera trước\r\nĐộ phân giải camera\r\nCamera trước TrueDepth 12MP, khẩu độ ƒ/1.9\r\nTính năng\r\nFlash Retina\r\nPhotonic Engine\r\nDeep Fusion\r\nHDR thông minh thế hệ 5 cho ảnh\r\nẢnh chân dung thế hệ mới với Focus và Depth Control\r\nHiệu ứng Chiếu Sáng Chân Dung với sáu chế độ\r\nAnimoji và Memoji\r\nChế độ Ban Đêm\r\nPhong Cách Nhiếp Ảnh\r\nQuay phim\r\nQuay video 4K ở tốc độ 24 fps, 25 fps, 30 fps, hoặc 60 fps\r\nQuay video HD 1080p ở tốc độ 25 fps, 30 fps, hoặc 60 fps\r\nChế độ Điện Ảnh hỗ trợ độ phân giải lên đến 4K HDR ở tốc độ 30 fps\r\nQuay video HDR với công nghệ Dolby Vision lên đến 4K ở tốc độ 60 fps\r\nQuay video ProRes lên đến 4K ở 60 fps với khả năng ghi vào ổ đĩa gắn ngoài\r\nHỗ trợ quay video chậm 1080p ở tốc độ 120 fps\r\nChế độ quay video QuickTake\r\nChống rung video kỹ thuật số (4K, 1080p, và 720p)\r\nHệ điều hành & CPU\r\nVi xử lý\r\nApple A17 Pro\r\nHệ điều hành\r\niOS 17\r\nVi xử lý đồ họa (GPU)\r\n6 lõi\r\nTốc độ CPU\r\nHexa-core (2x3.78 GHz + 4x2.11 GHz)\r\nBộ nhớ & Lưu trữ\r\nRAM\r\n8GB\r\nBộ nhớ trong\r\n256GB\r\nThẻ nhớ ngoài\r\nKhông hỗ trợ thẻ nhớ\r\nKết nối\r\nCảm biến\r\nFace ID\r\nLiDAR Scanner\r\nÁp kế\r\nCon quay hồi chuyển độ lệch tương phản cao\r\nGia tốc kế lực G cao\r\nCảm biến tiệm cận\r\nHai cảm biến ánh sáng môi trường\r\nMạng di động\r\n5G\r\nSố khe SIM\r\nSIM kép (nano SIM và eSIM)\r\nHỗ trợ hai eSIM\r\nĐịnh vị\r\nGPS tần số kép chuẩn xác (GPS, GLONASS, Galileo, QZSS, BeiDou và NavIC)\r\nLa bàn kỹ thuật số\r\nWi-Fi\r\nMạng di động\r\nĐịnh vị vi mô iBeacon\r\nBluetooth\r\nV5.3\r\nCổng kết nối/sạc\r\nType-C\r\nKết nối khác\r\nĐang cập nhật\r\nJack tai nghe\r\nType-C\r\nWi-Fi\r\nWi‑Fi 6E (802.11ax)\r\nKết Nối NFC\r\nCó\r\nThiết kế - trọng lượng\r\nTrọng lượng\r\n221g\r\nChất liệu\r\nKhung viền Titan với mặt sau bằng kính nhám\r\nKích thước\r\n159.9mm x 76.7mm x 8.25mm\r\nThiết kế\r\nNguyên khối\r\nPin & Sạc\r\nDung lượng pin sản phẩm\r\n4422mAh\r\nHỗ trợ sạc tối đa\r\n20W\r\nLoại pin\r\nLi-Ion\r\nCông nghệ pin\r\nSạc nhanh 20 W\r\nSạc không dây 15W\r\nSạc không dây Qi 7.5W\r\nTiện ích\r\nBảo mật sinh trắc học\r\nFace ID\r\nKháng nước, kháng bụi\r\nIP68\r\nTính năng đặc biệt\r\nÂm thanh Dolby Atmos\r\nPhát hiện va chạm (Crash Detection)\r\nLoa kép\r\nHDR10\r\nDCI-P3\r\nCông nghệ True Tone\r\nCông nghệ hình ảnh Dolby Vision\r\nCông nghệ HLG\r\nChạm 2 lần sáng màn hình\r\nApple Pay', 270, 0, 29845000, 10, '', 12, '2025-05-05', 0),
(110, 'Điện thoại iPhone 15 Plus (256GB) - Chính hãng VN/', '20250505170329_galaxy-di-dong-ip-15-plus-xanh-duong-01.jpg', '', 'iPhone 15 Plus màu sắc cực cháy, cấu hình cực chất\r\nVẫn là thiết kế vuông vắn hiện đại giống như những thế hệ tiền nhiệm, phiên bản iPhone 15 Plus là một lựa chọn hoàn hảo cho người dùng khi vừa vặn về kích thước cũng như hầu bao, không quá nhỏ như iPhone 15 hay giá quá cao như iPhone 15 Pro Max. Bên cạnh đó là 3 phiên bản bộ nhớ trong lần lượt là 128GB/256GB/512GB đem đến sự lựa chọn đa dạng cho người dùng iPhone.\r\nKích thước màn hình\r\n6.7\"\r\nĐộ phân giải\r\n2796 x 1290\r\nTần số quét (Hz)\r\n60Hz\r\nCông nghệ màn hình\r\nSuper Retina XDR\r\nĐộ sáng màn hình\r\n2000nits\r\nCamera sau\r\nTính năng\r\nChống rung quang học dịch chuyển cảm biến\r\nCác lựa chọn thu phóng quang học 0,5x, 1x, 2x\r\nPhotonic Engine\r\nDeep Fusion\r\nHDR thông minh thế hệ 5 cho ảnh\r\nẢnh chân dung thế hệ mới với Focus và Depth Control\r\nHiệu ứng Chiếu Sáng Chân Dung với sáu chế độ\r\nChế độ Ban Đêm\r\nPhong Cách Nhiếp Ảnh\r\nQuay phim\r\nQuay video 4K ở tốc độ 24 fps, 25 fps, 30 fps, hoặc 60 fps\r\nQuay video HD 1080p ở tốc độ 25 fps, 30 fps, hoặc 60 fps\r\nChế độ Điện Ảnh để quay video với độ sâu trường ảnh nông (lên đến 4K HDR ở tốc độ 30 fps)\r\nChế độ Hành Động\r\nQuay video HDR với công nghệ Dolby Vision lên đến 4K ở tốc độ 60 fps\r\nHỗ trợ quay video chậm 1080p ở tốc độ 120 fps hoặc 240 fps\r\nVideo tua nhanh có chống rung\r\nTua nhanh ở chế độ Ban Đêm\r\nChế độ quay video QuickTake\r\nChống rung quang học dịch chuyển cảm biến cho video\r\nPhóng đại âm thanh\r\nThu âm stereo\r\nĐèn Flash\r\nCó\r\nĐộ phân giải camera\r\n48MP(ƒ/1.6) x 12MP (ƒ/2.4)\r\nCamera trước\r\nĐộ phân giải camera\r\nCamera trước TrueDepth 12MP, khẩu độ ƒ/1.9\r\nTính năng\r\nFlash Retina\r\nPhotonic Engine\r\nDeep Fusion\r\nHDR thông minh thế hệ 5 cho ảnh\r\nẢnh chân dung thế hệ mới với Focus và Depth Control\r\nHiệu ứng Chiếu Sáng Chân Dung với sáu chế độ\r\nAnimoji và Memoji\r\nChế độ Ban Đêm\r\nPhong Cách Nhiếp Ảnh\r\nQuay phim\r\nQuay video 4K ở tốc độ 24 fps, 25 fps, 30 fps, hoặc 60 fps\r\nQuay video HD 1080p ở tốc độ 25 fps, 30 fps, hoặc 60 fps\r\nChế độ Điện Ảnh hỗ trợ độ phân giải lên đến 4K HDR ở tốc độ 30 fps\r\nQuay video HDR với công nghệ Dolby Vision lên đến 4K ở tốc độ 60 fps\r\nHỗ trợ quay video chậm 1080p ở tốc độ 120 fps\r\nChế độ quay video QuickTake\r\nChống rung video kỹ thuật số (4K, 1080p, và 720p)\r\nHệ điều hành & CPU\r\nHệ điều hành\r\niOS 17\r\nVi xử lý\r\nApple A16 Bionic\r\nVi xử lý đồ họa (GPU)\r\n5 lõi\r\nTốc độ CPU\r\nHexa-core (2x3.46 GHz Everest + 4x2.02 GHz Sawtooth)\r\nBộ nhớ & Lưu trữ\r\nRAM\r\n6GB\r\nBộ nhớ trong\r\n256GB\r\nThẻ nhớ ngoài\r\nKhông hỗ trợ thẻ nhớ\r\nKết nối\r\nMạng di động\r\n5G\r\nĐịnh vị\r\nGPS, GLONASS, Galileo, QZSS và BeiDou\r\nLa bàn kỹ thuật số\r\nWi‑Fi\r\nMạng di động\r\nĐịnh vị vi mô iBeacon\r\nBluetooth\r\nV5.3\r\nKết nối khác\r\nĐang cập nhật\r\nCảm biến\r\nFace ID\r\nÁp kế\r\nCon quay hồi chuyển độ lệch tương phản cao\r\nGia tốc kế lực G cao\r\nCảm biến tiệm cận\r\nHai cảm biến ánh sáng môi trường\r\nSố khe SIM\r\nSIM kép (nano-SIM và eSIM)\r\nHỗ trợ hai eSIM\r\nCổng kết nối/sạc\r\nType-C\r\nJack tai nghe\r\nType-C\r\nWi-Fi\r\nWi‑Fi 6 (802.11ax)\r\nKết Nối NFC\r\nCó\r\nThiết kế - trọng lượng\r\nTrọng lượng\r\n201g\r\nChất liệu\r\nKhung viền nhôm với mặt sau bằng kính nhám\r\nKích thước\r\n160.9mm x 77.8mm x 7.80mm\r\nThiết kế\r\nNguyên khối\r\nPin & Sạc\r\nDung lượng pin sản phẩm\r\n4383mAh\r\nHỗ trợ sạc tối đa\r\n20W\r\nLoại pin\r\nLi-Ion\r\nCông nghệ pin\r\nSạc nhanh\r\nSạc không dây MagSafe lên đến 15W\r\nSạc không dây Qi lên đến 7,5W\r\nTiện ích\r\nBảo mật sinh trắc học\r\nFace ID\r\nKháng nước, kháng bụi\r\nIP68\r\nTính năng đặc biệt\r\nÂm thanh Dolby Atmos\r\nPhát hiện va chạm (Crash Detection)\r\nLoa kép\r\nHDR10\r\nDCI-P3\r\nCông nghệ True Tone\r\nCông nghệ hình ảnh Dolby Vision\r\nCông nghệ HLG\r\nChạm 2 lần sáng màn hình\r\nApple Pay', 240, 0, 30450000, 10, '', 12, '2025-05-05', 0),
(111, 'Điện thoại di động TCL 503 3GB/64GB', '20250505171211tcl-406s-(18).jpg', '', 'TCL 503 là mẫu smartphone được thiết kế dành riêng cho phân khúc phổ thông, tập trung vào việc cung cấp những tính năng cần thiết với mức giá phải chăng. Sản phẩm này nhắm đến đối tượng học sinh, sinh viên hoặc người dùng phổ thông cần một thiết bị để thực hiện các tác vụ hàng ngày như lướt web, xem video, chụp ảnh và sử dụng mạng xã hội. Với thiết kế hiện đại độ phân giải HD+ (720 x 1612 pixel), hệ thống camera cảm biến 8MP, vi xử lý Unisoc SC9863A với dung lượng pin lớn 5000mAh và hiệu năng ổn định, TCL 503 hứa hẹn sẽ là một lựa chọn đáng cân nhắc trong tầm giá.\r\nCông nghệ màn hình\r\nV-notch display\r\nĐộ phân giải\r\n720 x 1612\r\nKích thước màn hình\r\n6.6\"\r\nTần số quét (Hz)\r\n60Hz\r\nĐộ sáng màn hình\r\n350 nits\r\nCamera sau\r\nQuay phim\r\n1080P@30fps\r\nTính năng\r\nHDR\r\nQuay chậm (Slow Motion)\r\nChụp chân dung\r\nToàn cảnh (Panorama)\r\nTrôi nhanh thời gian (Time Lapse)\r\nĐộ phân giải camera\r\n8MP (ƒ/2.0) x 0.08MP\r\nĐèn Flash\r\nCó\r\nCamera trước\r\nQuay phim\r\nHDR đầy đủ, Làm đẹp khuôn mặt\r\nTính năng\r\nHDR\r\nLàm đẹp (Beautify)\r\nĐộ phân giải camera\r\n5MP (ƒ/2.2)\r\nHệ điều hành & CPU\r\nHệ điều hành\r\nAndroid™ 14\r\nVi xử lý\r\nUnisoc SC9863A\r\nTốc độ CPU\r\nOcta-core (4x1.6 GHz Cortex-A55 & 4x1.2 GHz Cortex-A55)\r\nVi xử lý đồ họa (GPU)\r\nPowerVR GE8322\r\nBộ nhớ & Lưu trữ\r\nRAM\r\n6GB (mở rộng RAM 3+3GB)\r\nBộ nhớ trong\r\n64GB\r\nBộ nhớ còn lại (khả dụng)\r\n44GB\r\nThẻ nhớ ngoài\r\n512GB\r\nKết nối\r\nKết Nối NFC\r\nKhông\r\nMạng di động\r\n4G\r\nSố khe SIM\r\n2 nano SIM + 1 TF\r\nĐịnh vị\r\nGPS/Galileo/BDS/A-GPS\r\nCổng kết nối/sạc\r\nType-C\r\nBluetooth\r\nV4.2\r\nJack tai nghe\r\n3.5 mm\r\nCảm biến\r\nCảm biến gia tốc (G), Phần mềm cảm biến tiệm cận\r\nWi-Fi\r\n802.11 b/g/n\r\nKết nối khác\r\nOTG\r\nThiết kế - trọng lượng\r\nKích thước\r\n163,86 x 75,51 x 8,9 mm\r\nThiết kế\r\nMàn hình kính 2.5D, mặt sau PMMA 2D\r\nChất liệu\r\nĐang cập nhật\r\nTrọng lượng\r\n185,5g\r\nPin & Sạc\r\nDung lượng pin sản phẩm\r\n5000mAh\r\nCông nghệ pin\r\nĐang cập nhật\r\nHỗ trợ sạc tối đa\r\n10W\r\nLoại pin\r\nLithium polymer\r\nTiện ích\r\nKháng nước, kháng bụi\r\nKhông có\r\nBảo mật sinh trắc học\r\nMở khóa bằng mật mã\r\nMở khóa khuôn mặt\r\nMở khóa vân tay\r\nTính năng đặc biệt\r\nTiết kiệm pin', 20, 0, 1990000, 15, '', 13, '2025-05-05', 0),
(112, 'Điện thoại di động TCL 505 4GB/128GB', '20250505171356tcl-505.jpg', '', 'TCL 505 là một chiếc smartphone phổ thông được thiết kế để mang lại trải nghiệm toàn diện với mức giá phải chăng. Thiết bị nổi bật với màn hình lớn 6.75 inch IPS LCD, tần số quét 90Hz mượt mà, và dung lượng pin ấn tượng 5010mAh, phù hợp cho người dùng có nhu cầu sử dụng liên tục trong cả ngày dài. TCL 505 còn được trang bị hệ thống camera sắc nét với cảm biến chính 50MP, cung cấp nhiều tính năng chụp ảnh đa dạng như HDR, Toàn cảnh và Xóa phông. Với vi xử lý MediaTek Helio G36, RAM 4GB và bộ nhớ trong 128GB, máy mang lại hiệu năng ổn định cho các tác vụ cơ bản.', 40, 0, 2650000, 10, '', 13, '2025-05-05', 0),
(113, 'Điện thoại di động TCL 30 - PASSAT - Chính hãng', '20250505171552tcl-30-.jpg', '', 'Thiết kế trẻ trung cùng màn hình 6.7 inch cực sắc nét\r\n\r\nChiếc điện thoại di động TCL 30 - PASSAT  có chứa kiểu thiết kế vô cùng thời thượng với hai màu đó là Tech Black (đen) và Muse Blue (xanh dương). Với trọng lượng vô cùng gọn nhẹ đó là 185gr với kích thước lần lượt là 166.54 × 75.24 × 7.74 mm thì chắc chắn đây sẽ là sản phẩm phù hợp cho mọi đối tượng thử trải nghiệm.\r\n\r\n ', 50, 0, 3050000, 15, '', 13, '2025-05-05', 0),
(114, 'Pin dự phòng Baseus Lipow Digital Display kèm cáp', '20250505174007_PIN2.png', '', 'Pin Sạc Dự Phòng Baseus Lipow Digital Display 20000mAh 22.5W – Sạc Nhanh, Tiện Lợi, An Toàn\r\n\r\n\r\nBạn đang tìm kiếm một chiếc pin sạc dự phòng dung lượng lớn, sạc nhanh và tiện lợi? Baseus Lipow Digital Display 20000mAh 22.5W chính là lựa chọn hoàn hảo dành cho bạn. Với thiết kế thông minh, tích hợp cáp đôi Type-C và Lightning, cùng màn hình hiển thị kỹ thuật số, sản phẩm mang đến trải nghiệm sạc tối ưu, giúp bạn luôn sẵn sàng cho mọi hành trình.  \r\n\r\nDung Lượng Khủng – Sạc Được Nhiều Thiết Bị Cùng Lúc\r\nVới dung lượng 20000mAh, Baseus Lipow có thể sạc đầy điện thoại nhiều lần, đáp ứng nhu cầu sử dụng cả ngày dài. Dù bạn dùng smartphone, tablet hay các thiết bị điện tử khác, pin sạc này đều đảm bảo cung cấp nguồn điện ổn định. Hơn nữa, sản phẩm hỗ trợ nhiều cổng sạc, giúp bạn sạc nhiều thiết bị cùng lúc, tiết kiệm thời gian và tăng hiệu suất sử dụng.  \r\n\r\nSạc Nhanh 22.5W – Tiết Kiệm Thời Gian\r\nCông suất sạc nhanh lên đến 22.5W, giúp rút ngắn đáng kể thời gian sạc, đặc biệt hữu ích khi bạn đang vội hoặc cần nạp năng lượng nhanh cho thiết bị. Hỗ trợ nhiều giao thức sạc nhanh như PD, QC, SCP, FCP, Baseus Lipow tương thích với nhiều dòng smartphone và tablet, đảm bảo sạc an toàn và hiệu quả.  \r\n\r\nCáp Tích Hợp Type-C & Lightning – Tiện Lợi Tối Đa\r\nKhông cần mang theo nhiều loại dây cáp, Baseus Lipow tích hợp sẵn cáp đôi Type-C và Lightning, đáp ứng hầu hết nhu cầu sử dụng. Dù bạn dùng iPhone, iPad hay các thiết bị Android, chỉ cần một chiếc pin sạc này là đủ. Đây là sự lựa chọn hoàn hảo cho những ai thường xuyên di chuyển, giúp giảm bớt sự lỉnh kỉnh khi mang theo nhiều phụ kiện.  \r\n\r\nMàn Hình Hiển Thị Kỹ Thuật Số – Kiểm Soát Dung Lượng Dễ Dàng\r\nSản phẩm được trang bị màn hình LED hiển thị chính xác dung lượng pin, giúp bạn dễ dàng theo dõi mức năng lượng còn lại. Không còn tình trạng sạc giữa chừng bị gián đoạn hay lo lắng về việc pin sắp hết mà không biết.  \r\n\r\nChất Liệu Cao Cấp – Bền Bỉ & An Toàn\r\nBaseus Lipow được làm từ PC+ABS cao cấp, có độ bền cao nhưng vẫn đảm bảo trọng lượng nhẹ, giúp bạn dễ dàng mang theo khi di chuyển. Bề mặt được xử lý chống bám vân tay, hạn chế trầy xước, giữ cho sản phẩm luôn sạch đẹp theo thời gian.  \r\n\r\nNgoài ra, sản phẩm còn được trang bị hệ thống bảo vệ an toàn với nhiều lớp bảo vệ như chống quá dòng, quá áp, quá nhiệt, giúp thiết bị của bạn luôn được sạc an toàn, kéo dài tuổi thọ pin.  \r\n\r\nBaseus Lipow Digital Display – Người Bạn Đồng Hành Hoàn Hảo\r\n\r\nDù là trong những chuyến du lịch, công tác hay chỉ đơn giản là sử dụng hằng ngày, Baseus Lipow Digital Display 20000mAh 22.5W luôn đảm bảo bạn có đủ năng lượng để duy trì kết nối. Với thiết kế hiện đại, tích hợp cáp tiện lợi và khả năng sạc nhanh mạnh mẽ, đây chính là sự lựa chọn lý tưởng cho những ai yêu thích sự tiện lợi và hiệu suất cao.  \r\n\r\nHãy trang bị ngay Baseus Lipow Digital Display để không còn lo lắng về pin yếu khi đang di chuyển!', 200, 0, 350000, 10, '', 7, '2025-05-05', 0),
(115, 'Ốp lưng ZAGG Crystal Palace Lite - Clear cho Samsu', '20250505181510PK.png', '', 'Ốp Lưng Crystal Palace Lite – Bảo Vệ Mạnh Mẽ, Thiết Kế Thanh Lịch\r\nCrystal Palace Lite là dòng ốp lưng cao cấp đến từ Mỹ, kết hợp giữa độ bền vượt trội, công nghệ bảo vệ tiên tiến và thiết kế siêu mỏng, nhẹ. Với Graphene – vật liệu siêu bền được ứng dụng trong ngành hàng không vũ trụ, sản phẩm đảm bảo bảo vệ tối đa mà vẫn giữ được tính thẩm mỹ cao.\r\n\r\n???? Bảo vệ rơi từ độ cao 2m\r\n✔ Được thử nghiệm và chứng minh có thể hấp thụ lực va đập khi rơi từ độ cao dưới 2m, giúp bảo vệ điện thoại khỏi hư hỏng do rơi vỡ.\r\n\r\n???? Công nghệ Graphene – Đột phá trong bảo vệ\r\n✔ Graphene – một trong những vật liệu mạnh nhất trên Trái đất, sở hữu các đặc tính vượt trội:\r\n\r\nCứng hơn kim cương, bền hơn thép 200 lần nhưng vẫn đàn hồi cao như cao su.\r\nKhả năng tản nhiệt xuất sắc, giúp điện thoại hoạt động mát hơn, hạn chế tình trạng quá nhiệt.\r\nỨng dụng trong hàng không vũ trụ, xe điện, quân đội, thể thao chuyên nghiệp…, đảm bảo độ bền tối ưu.\r\n???? Siêu mỏng & nhẹ hơn 40%\r\n✔ Nhẹ hơn 40% so với Crystal Palace, mang lại cảm giác cầm nắm thoải mái, không cồng kềnh.\r\n✔ Thiết kế siêu mỏng, vẫn đảm bảo khả năng bảo vệ tối đa.\r\n\r\n???? Công nghệ chống ố vàng ClearGuard™\r\n✔ Giữ ốp lưng luôn trong suốt đẹp mắt, không bị ố vàng theo thời gian.\r\n✔ Duy trì vẻ đẹp nguyên bản của điện thoại, hạn chế tình trạng đổi màu do tiếp xúc với ánh nắng và mồ hôi tay.\r\n\r\n???? Thiết kế thanh lịch & tối giản\r\n✔ Cạnh viền được đúc nguyên khối, mang lại vẻ ngoài liền mạch, sang trọng.\r\n✔ Phong cách tối giản, phù hợp với mọi phong cách sử dụng.\r\n\r\n???? Chất liệu tái chế – Hướng đến bảo vệ môi trường\r\n✔ 55% vật liệu tái chế sau tiêu dùng, giúp giảm tác động đến môi trường nhưng vẫn đảm bảo độ bền cao.\r\n\r\n\r\nVới khả năng bảo vệ ưu việt, thiết kế siêu mỏng nhẹ, công nghệ Graphene & chống ố vàng ClearGuard™, Crystal Palace Lite là lựa chọn hoàn hảo cho những ai tìm kiếm một chiếc ốp lưng bền bỉ, thanh lịch và thân thiện với môi trường. ????', 180, 0, 260000, 5, '', 8, '2025-05-05', 0),
(116, 'Ốp lưng Spigen Core Armor Samsung Galaxy S24 Ultra', '20250505181629PK1.png', '', 'Ốp lưng Spigen Core Armor Samsung Galaxy S24 Ultra - Bảo vệ toàn diện cho chiếc điện thoại cao cấp\r\nBạn đang sở hữu chiếc Samsung Galaxy S24 Ultra và muốn tìm kiếm một chiếc ốp lưng vừa thời trang vừa bảo vệ tối đa cho dế yêu của mình? Ốp lưng Spigen Core Armor chính là câu trả lời hoàn hảo! Với thiết kế chắc chắn, chất liệu cao cấp và khả năng chống sốc vượt trội, sản phẩm này sẽ mang đến cho chiếc điện thoại của bạn sự bảo vệ toàn diện.\r\n\r\nNhững điểm nổi bật của ốp lưng Spigen Core Armor:\r\nThiết kế chắc chắn: Được làm từ chất liệu TPU dẻo và PC cứng cáp, ốp lưng Spigen Core Armor tạo thành một lớp bảo vệ vững chắc cho chiếc điện thoại của bạn.\r\nCông nghệ chống sốc: Với công nghệ đệm khí Air Cushion Technology, ốp lưng phân tán lực va đập hiệu quả, bảo vệ điện thoại khỏi những tác động mạnh.\r\nThiết kế thời trang: Đường vân hiện đại độc đáo và lớp phủ matte tinh tế không chỉ tăng thêm vẻ sành điệu mà còn chống bám vân tay, giữ cho chiếc Galaxy S24 Ultra của bạn luôn sáng bóng.\r\nViền nhô cao: Màn hình và camera của Galaxy S24 Ultra luôn được bảo vệ an toàn, tránh trầy xước khi đặt úp hay va chạm nhẹ.\r\nDễ dàng sử dụng: Các nút bấm được thiết kế chính xác, giúp bạn dễ dàng thao tác mà không cần tháo ốp.\r\nTại sao nên chọn ốp lưng Spigen Core Armor?\r\nBảo vệ tối ưu: Ngăn chặn các vết xước, va đập, giúp điện thoại của bạn luôn như mới.\r\nThiết kế thời trang: Tăng thêm vẻ đẹp và cá tính cho chiếc điện thoại của bạn.\r\nChất lượng cao: Sản phẩm được sản xuất bởi thương hiệu Spigen nổi tiếng, đảm bảo chất lượng và độ bền.\r\nDễ dàng lắp đặt: Bạn có thể dễ dàng lắp đặt và tháo rời ốp lưng mà không cần bất kỳ công cụ nào.\r\n', 170, 0, 170000, 10, '', 8, '2025-05-05', 0),
(117, 'Ốp lưng kèm khe đựng thẻ Galaxy A35 - Chính hãng', '20250505181842PK2.png', '', '-Túi đựng thẻ thuận tiện\r\n-Chất liệu mềm mại\r\n-Phù hợp giá tiền', 50, 0, 80000, 5, '', 8, '2025-05-05', 0),
(118, 'Ốp lưng da thực vật Fold6 - Chính hãng', '20250505182109pk3.png', '', '', 30, 0, 150000, 10, '', 8, '2025-05-05', 0),
(119, 'Ốp lưng trong siêu mỏng Flip6 - Chính hãng', '20250505182257pk4.png', '', 'Mua Ốp lưng trong siêu mỏng Flip6 chính hãng giá tốt tại Hoàng Hà Mobile\r\n\r\n \r\n\r\nỐp lưng trong siêu mỏng Flip6 mang đến sự bảo vệ tối ưu mà vẫn giữ nguyên thiết kế đẹp mắt và độ mỏng nhẹ của điện thoại. Với chất liệu trong suốt cao cấp, sản phẩm giúp bảo vệ thiết bị của bạn khỏi trầy xước mà vẫn tôn lên vẻ đẹp tự nhiên của máy.\r\n\r\nThiết kế siêu mỏng, không làm tăng độ dày của điện thoại, giữ nguyên cảm giác cầm nắm thoải mái.\r\nChất liệu TPU cao cấp, chống ố vàng và chống va đập tốt.\r\nTrong suốt hoàn toàn, tôn lên màu sắc và thiết kế nguyên bản của điện thoại.\r\nBảo vệ toàn diện với các góc cạnh được bo tròn và ôm sát, giảm thiểu tác động từ va đập.\r\nDễ dàng lắp đặt và tháo ra mà không lo làm trầy xước máy.\r\nTương thích hoàn hảo với các cổng kết nối và nút bấm, đảm bảo trải nghiệm sử dụng mượt mà.\r\n\r\nỐp lưng trong siêu mỏng Flip6 là lựa chọn lý tưởng để bảo vệ điện thoại của bạn một cách tinh tế mà không ảnh hưởng đến kiểu dáng hay cảm giác sử dụng.\r\n\r\n', 50, 0, 95000, 0, '', 8, '2025-05-05', 0),
(120, 'Tai nghe Có Dây JBL C200 SIU ', '20250505183031tainghe1.jpg', '', 'Tương thích:\r\niOS (iPhone)\r\nAndroid\r\nJack cắm:\r\n3.5 mm\r\nĐộ dài dây:\r\n1.28 m\r\nTiện ích:\r\nCó mic thoại\r\nĐệm tai đi kèm\r\nKết nối cùng lúc:\r\n1 thiết bị\r\nĐiều khiển:\r\nPhím nhấn\r\nPhím điều khiển:\r\nPhát/dừng chơi nhạc\r\nChuyển bài hát\r\nKhối lượng:\r\n65 g\r\nThương hiệu của:\r\nMỹ\r\nSản xuất tại:\r\nTrung Quốc', 100, 0, 95000, 5, '', 9, '2025-05-05', 0),
(121, 'Tai nghe TWS Samsung Galaxy Buds3 Pro R630N', '20250505183213tainghe3.jpg', '', 'Thời lượng pin tai nghe:\r\nDùng 7 giờ - Sạc Hãng không công bố\r\nThời lượng pin hộp sạc:\r\nDùng 30 giờ - Sạc Hãng không công bố\r\nCổng sạc:\r\nType-C\r\nCông nghệ âm thanh:\r\nDolby Atmos\r\nCông nghệ phát sóng Auracast\r\nAdaptive Noise Control\r\nAdaptive EQ\r\n360 Reality Audio\r\nTương thích:\r\nmacOS\r\nAndroid, iOS, Windows\r\nỨng dụng kết nối:\r\nGalaxy Wearable\r\nTiện ích:\r\nPhiên dịch trực tiếp\r\nThanh ánh sáng Blade Lights\r\nChống nước & bụi IP57\r\nSạc không dây\r\nTự động chuyển đổi kết nối linh hoạt (Auto Switch)\r\nCó mic thoại\r\nSạc nhanh\r\n360 Reality Audio\r\nGalaxy AI\r\nKết nối cùng lúc:\r\n1 thiết bị\r\nCông nghệ kết nối:\r\nBluetooth 5.4\r\nĐiều khiển:\r\nCảm ứng chạm/vuốt\r\nGiọng nói (Tiếng Anh, Hàn)\r\nPhím điều khiển:\r\nTăng/giảm âm lượng\r\nPhát/dừng chơi nhạc\r\nChuyển bài hát\r\nChuyển chế độ\r\nNhận/Ngắt cuộc gọi\r\nKích thước:\r\nDài 3.2 cm - Rộng 2.02 cm - Cao 1.8 cm\r\nKhối lượng:\r\n5.4 g\r\nThương hiệu của:\r\nHàn Quốc\r\nSản xuất tại:\r\nViệt Nam', 50, 0, 4850000, 15, '', 9, '2025-05-05', 0),
(122, 'Tai nghe Bluetooth True Wireless Xiaomi Redmi Buds', '20250505183326tainghe4.jpg', '', 'Thời lượng pin tai nghe:\r\nDùng 10 giờ - Sạc Khoảng 1 giờ\r\nThời lượng pin hộp sạc:\r\nDùng 42 giờ - Sạc Khoảng 2.5 giờ\r\nCổng sạc:\r\nType-C\r\nCông nghệ âm thanh:\r\nCông nghệ Hybrid Active\r\nCông nghệ Dual Driver\r\n360 Surround Sound\r\nActive Noise Cancellation\r\nCông nghệ ENC\r\nAmbient Sound\r\nTương thích:\r\nmacOS\r\nAndroid, iOS, Windows\r\nỨng dụng kết nối:\r\nXiaomi Earbuds\r\nTiện ích:\r\nChống nước & bụi IP54\r\nSạc nhanh\r\nCó đèn LED\r\nHỗ trợ Google Fast Pair\r\n2 Micro hỗ trợ AI\r\nKết nối cùng lúc:\r\n2 thiết bị\r\nCông nghệ kết nối:\r\nBluetooth 5.4\r\nĐiều khiển:\r\nCảm ứng chạm\r\nPhím điều khiển:\r\nTừ chối cuộc gọi\r\nPhát/dừng chơi nhạc\r\nChuyển bài hát\r\nChuyển chế độ\r\nNhận/Ngắt cuộc gọi\r\nKích thước:\r\nDài 3.1 cm - Rộng 2 cm - Cao 2.3 cm\r\nKhối lượng:\r\n5 g\r\nThương hiệu của:\r\nTrung Quốc\r\nSản xuất tại:\r\nTrung Quốc', 50, 0, 990000, 10, '', 9, '2025-05-05', 0),
(123, 'Tai nghe Bluetooth True Wireless Sony WF-L910', '20250505183457tainghe6.jpg', '', 'Thời lượng pin tai nghe:\r\nDùng 8 giờ - Sạc Khoảng 1.5 giờ\r\nThời lượng pin hộp sạc:\r\nDùng 22 giờ - Sạc 2.5 giờ\r\nCổng sạc:\r\nType-C\r\nCông nghệ âm thanh:\r\nÂm thanh môi trường\r\nDriver 11 mm\r\nActive Noise Cancellation\r\n360 Reality Audio\r\nDSEE\r\nTương thích:\r\nmacOS\r\nChromeOS\r\nAndroid, iOS, Windows\r\nỨng dụng kết nối:\r\nSound connect\r\nTiện ích:\r\nChống nước IPX4\r\nCó mic thoại\r\nTrợ lý ảo Google\r\nKết nối cùng lúc:\r\n2 thiết bị\r\nCông nghệ kết nối:\r\nBluetooth 5.3\r\nĐiều khiển:\r\nCảm ứng chạm\r\nPhím điều khiển:\r\nTăng/giảm âm lượng\r\nChuyển bài hát\r\nBật/ Tắt ANC\r\nNhận/Ngắt cuộc gọi\r\nKích thước:\r\nDài Hãng không công bố - Rộng Hãng không công bố - Cao Hãng không công bố\r\nKhối lượng:\r\n5.1 g\r\nThương hiệu của:\r\nNhật Bản\r\nSản xuất tại:\r\nViệt Nam', 30, 0, 470000, 2, '', 9, '2025-05-05', 0),
(124, 'Tai nghe truyền xương Shokz OPENRUN PRO 2 S820 ', '20250505183730tainghe7.jpg', '', 'Thời lượng pin tai nghe:\r\nDùng 12 giờ - Sạc 1 giờ\r\nCổng sạc:\r\nType-C\r\nCông nghệ âm thanh:\r\nTruyền âm thanh qua xương\r\nDẫn khí truyền âm\r\nCông nghệ DualPitch\r\nCông nghệ DRC\r\nTương thích:\r\nCác thiết bị có hỗ trợ Bluetooth\r\nỨng dụng kết nối:\r\nShokz App\r\nTiện ích:\r\nChống nước & bụi IP55\r\nSạc nhanh\r\nKhử tiếng ồn micro kép AI\r\nMicro chống ồn, lọc gió\r\nKết nối cùng lúc:\r\n2 thiết bị\r\nCông nghệ kết nối:\r\nBluetooth 5.3\r\nĐiều khiển:\r\nPhím nhấn\r\nPhím điều khiển:\r\nTừ chối cuộc gọi\r\nTăng/giảm âm lượng\r\nPhát/dừng chơi nhạc\r\nChuyển bài hát\r\nNhận/Ngắt cuộc gọi\r\nThay đổi ngôn ngữ\r\nKích thước:\r\nDài 12.4 cm - Rộng 4.5 cm - Cao 10 cm\r\nKhối lượng:\r\n30.3±0.5g\r\nThương hiệu của:\r\nTrung Quốc\r\nSản xuất tại:\r\nTrung Quốc', 50, 0, 1200000, 20, '', 9, '2025-05-05', 0),
(125, 'Loa Bluetooth Rezo Pulse E21', '20250505184512loa1.jpg', '', 'Loa bluetooth\r\nTổng công suất:\r\n10 W\r\nNguồn:\r\nPin\r\nThời gian sử dụng:\r\nDùng khoảng 3 - 7 tiếng\r\nThời gian sạc:\r\nSạc khoảng 4 tiếng\r\nPhím điều khiển:\r\nChuyển bài hát\r\nBật/Tắt nguồn\r\nPhát/dừng chơi nhạc\r\nTăng/giảm âm lượng\r\nKết nối 2 loa\r\nBật/tắt và chỉnh màu đèn LED\r\nTiện ích:\r\nCó tay xách\r\nKết nối nhiều loa\r\nCó đèn LED\r\nNghe được FM Radio', 40, 0, 1050000, 20, '', 10, '2025-05-05', 0),
(126, 'Loa Bluetooth Xiaomi Sound Pocket', '20250505184621loa2.jpg', '', 'Loại sản phẩm:\r\nLoa bluetooth\r\nTổng công suất:\r\n5 W\r\nNguồn:\r\nPin 1000 mAh\r\nThời gian sử dụng:\r\nDùng khoảng 10 tiếng\r\nThời gian sạc:\r\nSạc khoảng 3 tiếng\r\nCông nghệ âm thanh:\r\nTrue Wireless Stereo\r\nPhím điều khiển:\r\nBật/Tắt bluetooth\r\nBật/Tắt nguồn\r\nNhận/Tắt cuộc gọi\r\nPhát/dừng chơi nhạc\r\nTăng/giảm âm lượng\r\nKết nối với nhiều loa\r\nTiện ích:\r\nKết nối nhiều loa\r\nChống nước, chống bụi IP67\r\nCó micro đàm thoại', 60, 0, 590, 15, '', 10, '2025-05-05', 0),
(127, 'Loa Bluetooth Alpha Works AW-Ride', '20250505184734loa3.jpg', '', 'Loại sản phẩm:\r\nLoa bluetooth\r\nTổng công suất:\r\n20 W\r\nNguồn:\r\nPin 1200 mAh\r\nThời gian sử dụng:\r\nDùng khoảng 18 tiếng (với 50% âm lượng)\r\nThời gian sạc:\r\nSạc khoảng 2.5 tiếng\r\nPhím điều khiển:\r\nChuyển bài hát\r\nChuyển chế độ\r\nBật/Tắt nguồn\r\nNhận/Tắt cuộc gọi\r\nTừ chối cuộc gọi\r\nPhát/dừng chơi nhạc\r\nTăng/giảm âm lượng\r\nTiện ích:\r\nCó tay xách\r\nKết nối nhiều loa\r\nChống nước IPX7\r\nCó micro đàm thoại', 80, 0, 690000, 25, '', 10, '2025-05-05', 0),
(128, 'Loa Bluetooth JBL Clip 5', '20250505184826loa4.jpg', '', 'Loa bluetooth\r\nTổng công suất:\r\n7 W\r\nNguồn:\r\nPin\r\nThời gian sử dụng:\r\nDùng khoảng 12 tiếng\r\nThời gian sạc:\r\nSạc khoảng 3 tiếng\r\nCông nghệ âm thanh:\r\nJBL Pro Sound\r\nPhím điều khiển:\r\nBật/Tắt bluetooth\r\nChuyển bài hát\r\nBật/Tắt nguồn\r\nPhát/dừng chơi nhạc\r\nTăng/giảm âm lượng\r\nKết nối với nhiều loa\r\nTiện ích:\r\nKết nối cùng lúc 2 loa\r\nChống nước, chống bụi IP67', 20, 0, 320, 5, '', 10, '2025-05-05', 0),
(129, 'Loa Bluetooth Rezo Play', '20250505184940loa5.jpg', '', 'Loại sản phẩm:\r\nLoa bluetooth\r\nTổng công suất:\r\n15 W\r\nNguồn:\r\nPin\r\nThời gian sử dụng:\r\nDùng khoảng 3 - 5 tiếng\r\nThời gian sạc:\r\nSạc khoảng 2 - 4 tiếng\r\nPhím điều khiển:\r\nĐiều chỉnh chế độ đèn LED\r\nChuyển bài hát\r\nBật/Tắt nguồn\r\nPhát/dừng chơi nhạc\r\nTăng/giảm âm lượng\r\nTiện ích:\r\nKết nối 2 loa trên 1 thiết bị\r\nChống nước IPX6', 40, 0, 720000, 10, '', 10, '2025-05-05', 0),
(130, 'Cáp Type C - Type C 2m Xmobile DR-T11', '20250505185235sac10.jpg', '', 'Công nghệ/Tiện ích:\r\nHỗ trợ sạc nhanh\r\nChức năng:\r\nSạc\r\nĐầu vào:\r\nUSB Type-C\r\nĐầu ra:\r\nType C: 5V - 3A, 9V - 2A, 12V - 3A, 15V - 3A, 20V - 3A (Max 60 W)\r\nĐộ dài dây:\r\n2 m\r\nCông suất tối đa:\r\n60 W\r\nSản xuất tại:\r\nTrung Quốc\r\nThương hiệu của:\r\nThế Giới Di Động', 150, 0, 150000, 10, '', 19, '2025-05-05', 0),
(131, 'Adapter Sạc 3 cổng USB Type C IQ4 GaN 120W Anker A', '20250505185405sac11.jpg', '', 'Chức năng:\r\nSạc\r\nĐầu vào:\r\n100-240V~50/60Hz, 1,9A\r\nĐầu ra:\r\nType C1/C2: Max 100W\r\nUSB: Max 22.5W\r\nDòng sạc tối đa:\r\n120 W\r\nKích thước:\r\nDài 8 cm - Ngang 3.2 cm - Cao 4.3 cm\r\nCông nghệ/Tiện ích:\r\nCông nghệ GaN2\r\nGaNPrime\r\nPowerIQ 4.0\r\nActiveShield 2.0\r\nSản xuất tại:\r\nTrung Quốc\r\nThương hiệu của:\r\nTrung Quốc', 200, 0, 480000, 10, '', 19, '2025-05-05', 0),
(132, 'Cáp Type C 1m Xmobile DR-T10', '20250505185512sac13.jpg', '', 'Chức năng:\r\nTruyền dữ liệu\r\nSạc\r\nĐầu vào:\r\nUSB Type-A\r\nĐầu ra:\r\nType C: 5V - 3A\r\nĐộ dài dây:\r\n1 m\r\nCông suất tối đa:\r\n15 W\r\nSản xuất tại:\r\nTrung Quốc\r\nThương hiệu của:\r\nThế Giới Di Động', 50, 0, 125000, 10, '', 19, '2025-05-05', 0),
(133, 'Adapter Sạc Type C PD 20W Xmobile DS602A ', '20250505185621sac14.jpg', '', 'Chức năng:\r\nSạc\r\nĐầu vào:\r\n100-240V~50/60Hz, 0.6A\r\nĐầu ra:\r\nType C: 5V - 3A, 9V - 2.22A, 12V - 1.67A (Max 20W)\r\nDòng sạc tối đa:\r\n20 W\r\nKích thước:\r\nDài 2.7 cm - Ngang 2.7 cm - Cao 3.1 cm\r\nCông nghệ/Tiện ích:\r\nPower Delivery\r\nSản xuất tại:\r\nTrung Quốc\r\nThương hiệu của:\r\nThế Giới Di Động', 70, 0, 150000, 20, '', 19, '2025-05-05', 0),
(134, 'Adapter Sạc Type C PD QC 4.0+ GaN 20W Ugreen Nexod', '20250505185737sac15.jpg', '', 'Chức năng:\r\nSạc\r\nĐầu vào:\r\n100-240V~50/60Hz, 500mA\r\nĐầu ra:\r\nType C: 5V - 3A, 9V - 2.22A, 12V - 1.67A (Max 20W)\r\nDòng sạc tối đa:\r\n20 W\r\nKích thước:\r\nDài 8 cm - Ngang 3 cm- Cao 3 cm\r\nCông nghệ/Tiện ích:\r\nCông nghệ GaN\r\nPower Delivery\r\nQuick Charge 4.0+\r\nSản xuất tại:\r\nTrung Quốc\r\nThương hiệu của:\r\nTrung Quốc', 20, 0, 280000, 15, '', 19, '2025-05-05', 0);

-- --------------------------------------------------------

--
-- Cấu trúc bảng cho bảng `tintuc`
--

CREATE TABLE `tintuc` (
  `matt` int(11) NOT NULL,
  `tieude` varchar(255) NOT NULL,
  `ndngan` text NOT NULL,
  `noidung` text NOT NULL,
  `hinhanh` varchar(255) NOT NULL,
  `ngaydangtin` date NOT NULL,
  `tacgia` varchar(50) NOT NULL,
  `trangthai` int(11) NOT NULL
) ENGINE=InnoDB DEFAULT CHARSET=utf8 COLLATE=utf8_general_ci;

--
-- Đang đổ dữ liệu cho bảng `tintuc`
--

INSERT INTO `tintuc` (`matt`, `tieude`, `ndngan`, `noidung`, `hinhanh`, `ngaydangtin`, `tacgia`, `trangthai`) VALUES
(13, 'Samsung bất ngờ cho thay màn hình miễn phí', 'Theo đó, gói dịch vụ Care+ cho phép người dùng sửa chữa không giới hạn khi điện thoại bị rơi, vô nước, hư pin, thay màn hình, nứt kính mặt sau… với giá 0 đồng và các sự cố cơ học.\r\n\r\nKhi điện thoại gặp sự cố, bạn sẽ được hỗ trợ nhanh chóng tại hơn 700 địa điểm được Samsung ủy quyền trên toàn thế giới.', 'Bắt đầu từ đầu năm 2025, gói Care+ đã hỗ trợ thêm dịch vụ thay màn hình miễn phí không giới hạn. Tuy nhiên, ưu đãi này chỉ dành cho các thiết bị bên dưới, bao gồm:\r\n\r\n- Galaxy S25\r\n\r\n- Galaxy S25+\r\n\r\n- Galaxy S25 Ultra\r\n\r\n- Galaxy Z Fold 6\r\n\r\n- Galaxy Z Flip 6\r\n\r\n- Galaxy Tab S10+\r\n\r\n- Galaxy Tab S10 Ultra\r\n\r\nTuy nhiên, quan trọng nhất là thiết bị của bạn phải ở trong tình trạng tốt để đăng ký. Nếu thiết bị đã bị hư hỏng, bạn sẽ phải sửa trước khi đăng ký Care+, Samsung sẽ yêu cầu xác minh bằng video rằng thiết bị của bạn đang ở trong tình trạng tốt.\r\n\r\nLưu ý, chương trình đăng ký Care+ sẽ được triển khai từ nay đến hết ngày 15-6-2025 trên trang web của Samsung.\r\n\r\nKhi vấn đề sọc màn hình trở nên phổ biến, Samsung đã giới thiệu chương trình thay màn hình miễn phí một lần ở một số thị trường. Ví dụ, công ty đã cung cấp dịch vụ này ở Ấn Độ từ năm ngoái, và gia hạn đến ngày 31-12-2024.\r\n\r\nCác thương hiệu khác, bao gồm OnePlus, cũng đã mở chương trình thay màn hình miễn phí tương tự cho điện thoại gặp phải vấn đề này.', '20250504201746vi-vn-samsung-galaxy-m15-5g-6gb-1.jpg', '2025-05-04', 'Trần Châu Âu', 1),
(14, '\'Phát sốt\' với mẫu smartphone 5G, chống nước, độ bền quân đội, RAM 6GB, pin 6.000mAh, giá chỉ 3,99 triệu đồng', 'DNVN - Realme vừa giới thiệu smartphone C75 5G tại thị trường Ấn Độ khiến cộng đồng công nghệ phải chú ý bởi mức giá “mềm như bún” mà cấu hình lại cực kỳ ổn áp trong tầm giá.', 'Điểm sáng đầu tiên trên Realme C75 5Glà con chip MediaTek Dimensity 6300 (6nm) lõi 8 với xung nhịp tối đa 2,4 GHz, GPU Mali G57 MC2. Đây là dòng vi xử lý tầm trung hỗ trợ 5G mới, giúp bạn vừa “bắt trend” công nghệ mạng di động mới vừa tiết kiệm chi phí. C75 5Gcó khay cắm thẻ microSD với dung lượng tối đa 2 TB. Hệ điều hành Android 15, tùy biến trên giao diện người dùng Realme UI 6.0.\r\n\r\nRealme C75 5Gđược trang bị màn hình LCD 6,67 inch độ phân giải HD Plus (720x1.604 pixel). Màn hình này chia theo tỷ lệ 20:9, tần số quét 120Hz và tốc độ lấy mẫu cảm ứng 180Hz cho trải nghiệm vuốt chạm cực mượt và độ sáng tối đa 625 nit, đủ dùng tốt trong nhiều điều kiện ánh sáng khác nhau, chiếm 89,97% diện tích mặt trước và có thể thao tác khi ướt.', '20250505193000tintuc2.jpg', '2025-05-04', 'Trần Châu Âu', 1),
(16, 'Nubia Neo 3 - điện thoại chơi game giá 4 triệu đồng', 'Neo 3 là smartphone hiếm hoi trong phân khúc có nút bấm trigger chuyên game, thiết kế hầm hố đặc trưng, pin tốt nhưng yếu ở màn hình, camera.', 'Điện thoại dưới 5 triệu đồng chủ yếu chạy đua màn hình lớn, pin tốt, cấu hình ổn đơn thuần cho người dùng lớn tuổi, học sinh, sinh viên. Nhưng Nubia - thương hiệu con của ZTE - tìm đến phân khúc ngách khi làm riêng dòng máy cho nhu cầu chơi game. Sau thành công về doanh số với Neo 2 năm ngoái, công ty tiếp tục giới thiệu Neo 3 series mới với nhiều biến thể nhưng có điểm chung là thiết kế hầm hố đậm chất game và những tính năng chuyên dụng khó tìm thấy ở những model cùng phân khúc.\r\n\r\nNeo 3 4G (trong hình) là model rẻ nhất trong series bên cạnh Neo 3 5G và Neo 3 GT với giá 3,9-6,5 triệu đồng. Đối thủ chính của Neo 3 4G chủ yếu đến từ một số máy xách tay nội địa Trung Quốc, trong khi ở phân khúc chính hãng, đây gần như là dòng giá rẻ nổi bật duy nhất chuyên game.\r\nSo với giá Neo 2, Neo 3 mới rẻ hơn nhưng một phần bởi cấu hình khởi điểm thấp hơn so với thế hệ tiền nhiệm. Máy trang bị RAM 8 GB, bộ nhớ trong 128 GB thay vì 256 GB, nhưng Nubia vẫn giữ bốn thế mạnh gồm hiệu năng tốt so với tầm giá, nút trigger riêng, sạc nhánh và thiết kế gaming. Sạc nhánh (Bypass Charging) là tính năng cho phép điện thoại sử dụng điện năng trực tiếp từ nguồn điện khi cắm dây, thay vì gián tiếp qua pin như thông thường.\r\n\r\nSản phẩm sử dụng chip mới Unisoc T8100 với điểm AnTuTu 490.000, nhỉnh hơn các model trong phân khúc 4 triệu đồng nhưng thấp hơn một chút so với Neo 2, một phần do chuẩn bộ nhớ không phải UFS 3.1 như thế hệ trước mà chỉ là UFS 2.2. Tuy nhiên, khả năng tối ưu hóa chip cho hiệu năng thực tế tốt, chơi được hầu hết game phổ biến. Ngoài ra, khi chơi game liên tục máy hoạt động khá mát. Thử nghiệm thực tế chơi trong 40 phút, máy không bị quá nóng, hiệu năng ít bị ảnh hưởng.\r\nchức năng trong game. Đây vốn là trang bị đặc biệt thường thấy trên smartphone chuyên game cao cấp trước đây như ROG Phone, Black Shark. Người chơi có thể vào ứng dụng GameSpace để cài đặt nút cho từng tính năng trong game, ví dụ nút bắn hoặc nút nhảy lên với game bắn súng.\r\n\r\nMáy cũng cho phép tùy biến ngay trong game giúp thuận tiện hơn trong việc thiết lập. Khi chơi, hai ngón trỏ đặt lên nút trigger để thao tác, giống với các tay cầm chơi game chuyên dụng. Sử dụng thực tế nút bấm nhạy, chính xác và phản hồi nhanh.', '20250505194312tintuc5.jpg', '2025-05-05', 'Trần Châu Âu', 1);

--
-- Chỉ mục cho các bảng đã đổ
--

--
-- Chỉ mục cho bảng `chitiethoadon`
--
ALTER TABLE `chitiethoadon`
  ADD PRIMARY KEY (`id_hdct`);

--
-- Chỉ mục cho bảng `danhmuc`
--
ALTER TABLE `danhmuc`
  ADD PRIMARY KEY (`madm`);

--
-- Chỉ mục cho bảng `hoadon`
--
ALTER TABLE `hoadon`
  ADD PRIMARY KEY (`mahd`);

--
-- Chỉ mục cho bảng `hotro`
--
ALTER TABLE `hotro`
  ADD PRIMARY KEY (`idht`);

--
-- Chỉ mục cho bảng `nguoidung`
--
ALTER TABLE `nguoidung`
  ADD PRIMARY KEY (`idnd`);

--
-- Chỉ mục cho bảng `nhasx`
--
ALTER TABLE `nhasx`
  ADD PRIMARY KEY (`idnsx`);

--
-- Chỉ mục cho bảng `reset_tokens`
--
ALTER TABLE `reset_tokens`
  ADD PRIMARY KEY (`id`);

--
-- Chỉ mục cho bảng `sanpham`
--
ALTER TABLE `sanpham`
  ADD PRIMARY KEY (`idsp`);

--
-- Chỉ mục cho bảng `tintuc`
--
ALTER TABLE `tintuc`
  ADD PRIMARY KEY (`matt`);

--
-- AUTO_INCREMENT cho các bảng đã đổ
--

--
-- AUTO_INCREMENT cho bảng `chitiethoadon`
--
ALTER TABLE `chitiethoadon`
  MODIFY `id_hdct` int(10) NOT NULL AUTO_INCREMENT, AUTO_INCREMENT=35;

--
-- AUTO_INCREMENT cho bảng `danhmuc`
--
ALTER TABLE `danhmuc`
  MODIFY `madm` int(11) NOT NULL AUTO_INCREMENT, AUTO_INCREMENT=20;

--
-- AUTO_INCREMENT cho bảng `hoadon`
--
ALTER TABLE `hoadon`
  MODIFY `mahd` int(11) NOT NULL AUTO_INCREMENT, AUTO_INCREMENT=37;

--
-- AUTO_INCREMENT cho bảng `hotro`
--
ALTER TABLE `hotro`
  MODIFY `idht` int(11) NOT NULL AUTO_INCREMENT, AUTO_INCREMENT=4;

--
-- AUTO_INCREMENT cho bảng `nguoidung`
--
ALTER TABLE `nguoidung`
  MODIFY `idnd` int(11) NOT NULL AUTO_INCREMENT, AUTO_INCREMENT=10;

--
-- AUTO_INCREMENT cho bảng `nhasx`
--
ALTER TABLE `nhasx`
  MODIFY `idnsx` int(11) NOT NULL AUTO_INCREMENT;

--
-- AUTO_INCREMENT cho bảng `reset_tokens`
--
ALTER TABLE `reset_tokens`
  MODIFY `id` int(11) NOT NULL AUTO_INCREMENT, AUTO_INCREMENT=11;

--
-- AUTO_INCREMENT cho bảng `sanpham`
--
ALTER TABLE `sanpham`
  MODIFY `idsp` int(11) NOT NULL AUTO_INCREMENT, AUTO_INCREMENT=135;

--
-- AUTO_INCREMENT cho bảng `tintuc`
--
ALTER TABLE `tintuc`
  MODIFY `matt` int(11) NOT NULL AUTO_INCREMENT, AUTO_INCREMENT=17;
COMMIT;

/*!40101 SET CHARACTER_SET_CLIENT=@OLD_CHARACTER_SET_CLIENT */;
/*!40101 SET CHARACTER_SET_RESULTS=@OLD_CHARACTER_SET_RESULTS */;
/*!40101 SET COLLATION_CONNECTION=@OLD_COLLATION_CONNECTION */;
